ClientID,SaleDate,ProductID,Prod_Price
63,16/05/2023,44,247.65
62,20/04/2023,52,268.12
59,03/05/2023,1,918.5
12,02/04/2024,74,466.29
18,07/03/2024,64,468.14
25,03/09/2023,72,245.18
86,03/04/2023,65,201.68
37,24/09/2023,98,829.73
48,22/08/2023,52,906.94
34,27/05/2023,61,234.6
8,04/06/2023,56,210.59
100,28/10/2023,3,85.86
25,14/01/2023,5,874.14
34,09/12/2023,9,532.38
11,04/11/2023,95,406.81
44,14/07/2023,10,581.74
52,30/12/2023,77,43.56
40,17/03/2023,2,213.39
11,10/11/2023,16,253.26
43,26/07/2023,69,169.3
31,11/11/2023,24,640.28
39,21/01/2023,68,446.71
93,19/08/2023,53,878.76
48,06/09/2023,45,934.23
30,11/10/2023,56,724.07
25,07/11/2023,20,627.32
59,06/02/2024,81,107.72
82,06/04/2023,66,330.02
39,30/11/2023,80,72.45
84,11/01/2024,4,576.99
28,27/11/2023,58,89.89
90,03/07/2023,59,252.08
78,30/07/2023,35,92.79
49,28/06/2023,91,203.34
77,09/02/2023,33,775.86
54,26/10/2023,89,501.46
86,15/01/2023,21,409.3
42,23/03/2023,36,965.72
73,10/08/2023,74,228.17
51,08/01/2024,68,216.77
42,15/01/2023,81,726.47
94,08/10/2023,43,621.82
35,09/02/2024,68,325.04
50,30/09/2023,78,635.3
6,18/09/2023,30,436.36
91,07/03/2023,96,562.27
11,22/04/2023,92,217.14
66,28/10/2023,15,503.46
70,01/12/2023,37,62.05
73,17/08/2023,37,942.74
81,31/03/2024,64,428.48
42,11/07/2023,11,752.59
90,18/06/2023,62,542.64
43,12/04/2023,15,153.06
19,21/12/2023,30,703.59
34,10/12/2023,99,869.15
2,05/05/2023,2,76.76
25,31/03/2023,73,187.78
99,17/07/2023,60,887.45
21,16/05/2023,30,969.49
86,16/03/2023,28,653.96
1,03/05/2023,92,240.05
88,18/12/2023,54,776.0
25,04/03/2024,91,34.84
3,17/03/2023,11,123.39
83,16/10/2023,99,394.6
75,09/01/2023,40,410.94
99,01/08/2023,60,833.61
75,14/08/2023,81,273.87
99,24/02/2024,41,410.69
29,18/04/2024,66,963.58
64,27/04/2023,7,384.73
41,03/02/2023,71,777.93
44,11/10/2023,72,633.52
97,19/05/2023,81,330.53
57,22/01/2023,5,68.94
9,21/03/2024,7,657.93
87,19/04/2024,70,392.6
99,17/10/2023,27,63.26
92,20/05/2023,64,369.14
62,05/03/2024,96,876.45
72,21/02/2023,100,202.19
15,18/11/2023,61,48.07
46,17/01/2023,16,103.86
52,21/04/2024,100,655.93
16,19/11/2023,61,465.53
48,03/02/2023,59,350.73
77,01/11/2023,67,654.62
44,12/08/2023,19,684.52
81,19/08/2023,86,785.65
15,05/09/2023,79,942.01
8,16/04/2023,57,720.65
67,25/03/2024,80,777.49
20,23/01/2024,97,780.93
27,15/02/2023,79,473.62
99,19/01/2024,69,555.07
54,01/09/2023,4,517.74
40,27/07/2023,66,638.28
66,24/07/2023,33,931.35
29,14/02/2023,1,278.59
30,26/08/2023,92,132.26
5,12/12/2023,19,388.82
32,13/01/2024,83,275.92
81,01/08/2023,42,758.95
1,05/09/2023,47,65.28
90,16/08/2023,56,789.77
24,01/01/2023,8,113.11
15,12/01/2023,54,154.72
31,07/01/2024,93,475.35
7,25/11/2023,88,679.29
77,26/04/2023,99,176.21
54,29/10/2023,79,535.64
26,27/03/2024,38,46.56
25,05/05/2023,94,169.72
10,09/03/2024,27,301.72
75,25/09/2023,87,375.16
35,24/02/2023,51,691.12
16,08/03/2024,40,485.29
82,14/04/2024,19,783.48
31,12/01/2023,37,239.7
32,18/11/2023,50,60.23
96,22/06/2023,15,464.13
33,28/07/2023,19,725.24
78,11/02/2023,78,191.19
23,22/02/2024,62,716.21
37,31/03/2023,45,491.97
64,01/04/2024,29,434.24
1,11/08/2023,22,489.14
89,12/01/2024,26,421.73
61,22/01/2023,39,469.53
86,30/03/2023,52,70.71
79,02/05/2023,14,63.14
88,17/02/2023,35,430.43
13,01/01/2023,66,785.55
15,21/02/2023,14,234.61
17,13/03/2024,30,460.73
79,05/01/2024,36,426.23
100,23/12/2023,48,338.31
65,31/05/2023,44,368.65
66,25/02/2023,30,688.07
62,14/12/2023,91,771.2
95,18/02/2024,29,467.31
40,11/12/2023,62,511.27
67,27/03/2023,83,763.55
45,28/09/2023,32,331.82
9,01/04/2023,31,270.12
62,19/03/2023,99,791.72
99,02/03/2024,4,727.53
34,22/05/2023,32,855.18
89,08/12/2023,68,619.04
96,04/06/2023,50,896.57
7,05/01/2024,74,524.73
44,02/01/2023,10,567.72
22,27/11/2023,26,75.81
53,27/03/2023,80,182.79
84,14/10/2023,3,432.07
71,18/03/2023,11,535.49
98,07/03/2023,83,111.72
6,22/07/2023,86,82.12
11,24/05/2023,19,134.21
39,15/01/2023,88,888.87
19,24/12/2023,41,987.41
96,20/06/2023,64,239.84
66,21/09/2023,27,147.57
47,18/02/2023,54,472.75
30,08/10/2023,70,645.97
37,05/01/2023,83,694.29
53,23/04/2023,4,218.09
80,12/12/2023,21,308.61
55,27/07/2023,2,620.01
43,28/04/2024,46,96.68
5,30/03/2023,45,320.31
91,18/04/2023,10,591.26
86,16/12/2023,68,215.28
66,11/02/2023,42,392.46
79,30/07/2023,79,599.24
40,23/03/2023,75,797.76
97,02/05/2023,92,375.91
2,13/12/2023,52,341.52
24,26/04/2023,14,985.07
67,19/08/2023,41,428.91
34,01/11/2023,44,449.05
77,23/12/2023,92,200.01
83,08/03/2023,3,410.61
22,21/12/2023,19,886.07
79,12/03/2023,44,525.02
59,20/10/2023,65,302.75
36,16/02/2023,16,162.61
4,11/11/2023,48,650.27
21,12/09/2023,27,892.95
11,24/10/2023,72,60.06
19,19/11/2023,5,609.04
33,03/03/2024,71,933.95
27,22/01/2023,43,813.39
59,12/12/2023,31,173.36
40,15/06/2023,52,536.36
85,25/01/2024,29,472.12
89,18/10/2023,77,274.49
45,08/01/2023,56,491.65
88,28/09/2023,15,562.53
56,16/01/2024,69,754.42
52,09/04/2024,25,935.17
90,17/02/2024,58,514.75
52,20/11/2023,71,995.69
31,31/01/2024,89,505.98
21,20/04/2023,79,199.56
33,07/02/2023,42,229.88
94,21/11/2023,67,525.48
62,12/08/2023,68,246.05
63,04/11/2023,14,568.76
76,21/02/2024,97,896.82
96,28/01/2023,39,641.02
96,23/10/2023,69,247.79
85,31/12/2023,96,644.91
62,18/03/2023,61,791.39
72,15/04/2024,62,805.09
60,23/01/2024,15,218.38
4,14/03/2024,24,119.43
54,27/02/2024,6,381.33
30,05/04/2023,90,773.79
3,28/03/2023,80,654.08
20,20/03/2024,86,126.47
73,12/03/2023,32,13.04
21,18/03/2023,18,188.52
10,14/04/2024,12,318.33
10,25/12/2023,60,941.38
90,10/06/2023,8,417.8
12,26/11/2023,3,85.63
43,18/04/2023,99,270.09
47,14/11/2023,27,910.56
48,05/03/2024,3,264.09
16,20/08/2023,58,609.71
53,26/02/2023,62,795.7
63,05/01/2023,26,288.69
44,24/10/2023,91,24.4
94,10/02/2024,43,548.82
78,04/03/2024,54,770.75
75,04/12/2023,68,531.69
17,03/02/2024,7,439.49
42,05/07/2023,2,451.3
18,21/05/2023,9,884.06
15,10/09/2023,55,195.48
37,12/01/2023,5,136.74
54,01/12/2023,40,408.86
72,06/04/2024,43,425.45
52,31/10/2023,83,426.18
6,21/03/2024,8,719.4
62,28/12/2023,6,179.0
13,01/01/2024,30,546.53
67,28/02/2023,80,597.02
25,31/12/2023,24,970.97
78,21/01/2024,52,306.34
88,11/09/2023,29,662.17
2,08/01/2023,24,120.94
89,18/04/2024,2,833.63
15,30/09/2023,30,829.68
48,28/02/2024,34,664.32
15,19/03/2023,5,329.16
23,15/02/2023,49,644.17
93,08/03/2023,10,543.78
69,17/03/2023,75,890.91
40,03/06/2023,45,402.19
90,09/12/2023,9,131.03
57,21/07/2023,95,261.93
48,14/03/2023,21,19.31
37,29/03/2024,38,421.86
24,12/06/2023,63,170.19
14,18/01/2024,85,563.51
91,12/11/2023,48,243.31
36,06/02/2024,39,612.38
7,29/10/2023,18,454.07
59,30/07/2023,36,163.85
62,13/01/2023,51,344.13
99,01/01/2023,35,542.6
16,09/12/2023,97,263.07
100,01/02/2023,3,862.0
17,07/03/2023,30,678.0
59,25/09/2023,64,578.02
45,16/03/2023,33,523.13
84,22/04/2024,46,920.43
81,20/07/2023,51,838.71
99,13/11/2023,60,905.04
99,28/03/2023,62,78.45
59,26/02/2024,25,21.0
30,04/10/2023,85,681.31
11,15/09/2023,2,599.29
37,24/05/2023,75,396.33
71,17/04/2023,67,908.22
10,25/04/2024,92,94.17
25,17/01/2023,52,594.09
30,23/04/2023,76,718.45
73,01/09/2023,51,406.82
37,06/11/2023,5,15.69
5,26/03/2024,14,788.48
13,22/11/2023,15,381.7
56,15/09/2023,88,45.08
29,28/11/2023,18,397.14
85,04/08/2023,39,229.9
46,09/01/2023,17,120.77
1,12/02/2024,71,899.22
21,16/02/2024,93,727.48
52,11/05/2023,87,967.99
48,24/01/2023,83,609.78
23,15/08/2023,9,176.38
93,26/11/2023,9,95.88
60,20/08/2023,77,649.78
81,29/03/2023,87,69.11
37,03/10/2023,41,580.49
8,02/06/2023,43,130.51
75,21/04/2023,77,429.29
32,26/09/2023,25,836.21
29,16/02/2024,55,444.71
38,10/05/2023,54,161.3
78,20/10/2023,92,544.03
22,03/02/2023,85,723.73
17,30/01/2023,57,335.65
28,17/07/2023,91,689.96
64,21/02/2023,49,278.3
54,26/02/2024,13,640.58
11,08/04/2024,65,92.43
71,07/03/2024,44,812.18
58,01/04/2023,88,735.55
94,12/09/2023,17,37.93
18,17/02/2024,31,488.82
7,06/06/2023,26,841.42
78,10/09/2023,99,801.98
29,15/02/2024,40,896.48
34,28/05/2023,98,946.35
4,12/02/2023,63,866.79
29,15/04/2024,26,749.53
49,18/05/2023,46,532.42
9,22/04/2023,98,608.26
10,11/04/2024,17,347.26
83,04/08/2023,69,79.61
15,10/12/2023,35,448.94
13,25/03/2023,82,206.5
90,14/10/2023,34,725.89
79,10/01/2023,84,312.18
36,23/03/2024,27,137.24
4,03/07/2023,44,115.28
88,04/11/2023,67,203.3
3,25/01/2024,38,81.13
48,24/05/2023,42,576.36
99,08/03/2023,35,468.17
48,07/07/2023,65,242.77
30,05/04/2024,75,841.95
36,12/11/2023,11,366.46
78,18/04/2023,84,552.65
16,30/06/2023,33,508.71
32,23/04/2024,4,620.0
32,05/01/2023,21,694.25
40,23/03/2024,32,820.93
95,10/04/2024,72,511.31
79,27/02/2024,54,663.63
4,12/01/2024,12,989.94
61,09/01/2024,7,462.61
93,19/08/2023,88,936.56
95,23/05/2023,27,818.33
47,20/04/2023,83,245.55
37,23/03/2023,25,937.9
76,16/04/2024,3,162.79
5,24/05/2023,86,982.2
53,24/07/2023,63,427.16
28,16/06/2023,36,836.7
48,13/08/2023,33,932.78
9,21/04/2024,49,670.79
15,22/09/2023,78,877.56
99,24/01/2024,31,71.51
56,11/10/2023,80,541.27
5,06/03/2024,45,677.02
89,10/02/2024,14,319.35
30,22/11/2023,86,426.62
62,23/04/2024,73,401.01
53,12/02/2023,14,157.2
75,29/12/2023,35,229.18
34,10/07/2023,14,39.79
83,30/07/2023,14,926.11
63,27/01/2024,73,141.21
55,31/10/2023,70,971.37
52,26/03/2024,87,398.34
79,21/01/2023,87,560.89
29,08/12/2023,22,967.4
3,15/09/2023,77,791.94
75,25/12/2023,11,968.8
73,31/05/2023,61,556.16
6,22/12/2023,32,438.85
45,27/01/2023,15,756.86
91,08/06/2023,93,441.8
11,09/02/2023,88,816.11
28,23/05/2023,43,454.1
23,31/01/2024,2,473.31
18,24/04/2023,2,47.42
6,09/10/2023,66,742.99
97,20/12/2023,1,838.84
68,09/02/2024,99,200.6
72,25/03/2023,99,318.51
38,27/12/2023,91,913.44
16,22/10/2023,3,330.24
43,30/04/2023,54,717.39
24,03/12/2023,76,673.32
46,01/04/2024,79,967.11
65,27/07/2023,52,865.72
11,05/06/2023,77,38.98
38,20/01/2024,5,891.78
80,15/05/2023,17,119.89
13,06/02/2024,88,758.82
95,12/03/2024,14,210.34
49,24/05/2023,1,755.4
80,28/08/2023,67,313.27
38,17/04/2023,88,697.36
94,22/07/2023,29,325.76
57,16/09/2023,28,32.34
38,26/02/2023,67,224.15
45,15/03/2023,79,827.87
60,21/02/2023,98,701.31
68,15/09/2023,39,747.7
36,29/09/2023,76,15.55
62,09/04/2024,41,698.93
81,22/03/2023,7,865.43
57,25/01/2024,47,352.31
38,11/06/2023,73,925.79
28,23/09/2023,3,964.12
45,26/03/2024,17,54.33
1,25/03/2024,40,14.98
65,19/02/2024,37,552.83
40,29/08/2023,32,759.56
61,16/10/2023,72,554.52
26,15/12/2023,39,884.24
65,23/09/2023,10,639.4
12,02/07/2023,15,102.4
88,01/01/2024,34,851.03
46,28/02/2024,39,645.22
39,03/03/2024,2,39.65
35,05/08/2023,98,280.26
69,27/03/2024,1,304.11
73,09/09/2023,21,752.41
13,18/06/2023,76,584.3
60,14/02/2024,90,140.23
34,02/03/2023,52,291.65
15,01/12/2023,59,313.62
16,06/01/2024,18,20.11
9,20/05/2023,33,396.05
65,20/02/2023,10,407.37
77,10/03/2024,31,930.86
2,23/07/2023,32,554.22
5,17/10/2023,18,93.05
30,05/02/2024,11,70.67
96,10/04/2024,73,405.4
22,27/07/2023,54,853.05
72,14/09/2023,54,384.59
3,19/04/2024,95,448.14
5,18/04/2023,59,806.37
57,17/06/2023,82,97.83
37,17/08/2023,55,166.83
93,29/06/2023,2,914.87
57,27/12/2023,30,616.35
72,11/01/2024,49,177.2
30,21/10/2023,74,302.24
17,18/01/2024,63,79.68
36,17/11/2023,96,286.34
77,24/04/2024,93,825.06
73,04/08/2023,17,299.55
48,08/10/2023,57,542.81
20,07/06/2023,82,216.21
18,04/02/2024,63,224.13
14,21/02/2023,40,445.86
10,10/06/2023,81,943.13
67,31/01/2024,6,554.14
15,21/04/2023,6,594.38
17,16/11/2023,86,456.61
85,19/02/2024,19,814.68
70,03/01/2024,34,574.13
50,11/04/2023,50,866.25
24,11/06/2023,55,344.75
72,30/07/2023,40,497.78
22,21/02/2023,82,64.04
76,04/04/2023,46,666.87
81,12/01/2024,52,433.69
15,13/02/2023,45,891.35
97,02/02/2023,84,259.64
86,01/08/2023,98,454.48
41,06/01/2024,87,994.25
83,08/04/2024,84,899.17
25,09/01/2024,35,117.0
69,17/12/2023,7,406.96
74,01/07/2023,56,458.76
2,23/06/2023,44,548.02
88,10/06/2023,55,666.57
76,19/05/2023,93,353.64
97,17/09/2023,28,428.38
25,13/08/2023,8,112.98
84,26/04/2024,4,658.71
30,26/09/2023,13,103.19
87,28/06/2023,86,73.03
87,10/01/2024,77,843.93
79,27/06/2023,56,417.86
95,20/08/2023,47,937.31
90,26/03/2023,93,243.64
88,27/04/2024,48,338.72
44,06/12/2023,66,590.95
79,12/12/2023,77,173.46
27,29/05/2023,1,216.76
73,05/01/2023,31,572.46
3,24/01/2023,73,541.05
97,30/09/2023,12,207.95
41,10/10/2023,21,850.27
67,30/12/2023,65,223.02
86,07/04/2023,14,228.58
56,01/08/2023,29,261.95
95,01/08/2023,80,372.19
24,05/09/2023,96,945.67
81,27/05/2023,6,91.58
56,12/11/2023,55,793.22
53,11/02/2024,4,656.95
65,14/01/2023,59,535.83
52,03/05/2023,49,755.83
32,07/04/2023,40,487.89
6,14/01/2024,89,267.58
81,19/01/2023,51,496.33
51,21/01/2023,45,601.9
51,03/03/2023,44,767.63
72,16/09/2023,14,930.71
32,18/08/2023,46,764.02
43,14/04/2024,19,412.24
58,30/05/2023,31,517.59
38,15/03/2023,66,868.07
5,12/03/2023,42,85.92
68,19/04/2023,91,263.99
40,05/07/2023,32,963.8
54,04/02/2024,95,620.32
74,07/09/2023,42,248.44
41,07/02/2023,38,608.65
66,01/04/2023,75,893.5
92,14/02/2023,75,51.06
96,02/08/2023,63,542.27
2,12/11/2023,7,457.24
52,23/02/2024,30,406.99
90,04/02/2023,54,106.25
7,04/01/2023,78,489.64
14,11/06/2023,60,16.21
62,14/07/2023,20,829.81
83,04/04/2023,98,393.32
31,09/08/2023,44,718.8
32,14/03/2024,73,684.02
98,19/03/2024,91,119.55
76,12/01/2023,47,756.49
43,21/05/2023,82,119.92
76,13/07/2023,20,439.54
28,28/01/2023,20,768.1
61,18/08/2023,98,679.72
22,05/11/2023,79,493.35
66,29/04/2023,43,254.33
100,23/03/2023,42,830.8
80,03/09/2023,73,374.09
90,01/08/2023,7,121.9
64,07/03/2023,77,357.59
21,11/06/2023,1,522.13
17,19/02/2023,62,99.94
15,15/09/2023,65,14.55
58,27/04/2023,94,893.22
30,03/02/2023,80,755.07
44,25/12/2023,56,918.09
25,15/11/2023,11,730.74
97,24/07/2023,79,339.98
35,04/02/2023,99,564.49
94,28/10/2023,84,946.85
16,27/04/2023,20,996.0
88,27/07/2023,98,200.56
27,15/01/2023,2,513.5
75,19/06/2023,91,342.91
47,25/12/2023,8,331.17
1,27/03/2023,58,449.64
97,17/04/2024,28,189.82
7,27/10/2023,69,711.04
38,15/07/2023,84,607.58
41,20/02/2023,45,964.6
15,15/12/2023,71,445.34
62,12/10/2023,7,664.96
57,11/01/2024,88,990.91
16,21/01/2023,13,651.67
30,20/04/2023,73,911.45
39,05/11/2023,70,400.32
32,03/09/2023,68,387.36
13,03/12/2023,9,687.92
60,08/02/2023,37,495.27
97,01/01/2023,9,670.05
55,09/04/2023,77,990.3
1,16/04/2023,18,398.42
22,13/01/2023,26,621.85
53,11/10/2023,31,221.04
86,11/11/2023,46,281.29
28,16/06/2023,87,635.68
13,21/04/2024,59,223.69
41,13/02/2024,11,70.58
94,24/04/2024,10,589.39
47,22/02/2024,74,747.97
47,23/01/2023,97,86.84
30,12/11/2023,79,588.53
15,01/04/2024,60,829.69
85,10/08/2023,10,642.24
12,07/03/2023,80,102.96
47,18/06/2023,90,109.15
33,21/12/2023,84,522.75
18,26/02/2024,8,409.75
5,14/12/2023,48,755.88
72,26/08/2023,2,464.91
12,11/12/2023,10,394.45
55,08/08/2023,13,626.17
18,01/02/2024,59,175.79
7,31/03/2023,99,992.2
89,25/04/2024,43,93.68
12,12/06/2023,10,920.89
52,12/04/2024,45,541.28
18,25/06/2023,44,443.75
77,30/01/2024,68,168.71
35,17/05/2023,63,315.92
22,22/02/2024,69,308.3
2,24/03/2024,79,509.9
59,09/10/2023,53,923.87
95,01/05/2023,33,136.9
65,08/03/2023,47,132.86
71,27/03/2024,48,599.47
53,26/04/2023,40,148.72
85,08/02/2023,69,799.44
9,06/10/2023,72,46.68
65,17/04/2024,62,339.56
45,14/07/2023,56,751.27
94,21/02/2024,3,505.06
6,25/01/2023,94,698.89
60,23/03/2023,44,447.05
20,03/09/2023,84,661.03
66,04/03/2023,52,210.48
49,27/05/2023,87,188.11
38,05/04/2024,25,487.94
69,10/05/2023,31,51.25
75,19/04/2023,55,966.37
58,15/06/2023,93,598.16
58,24/06/2023,75,870.2
11,06/01/2024,38,357.33
85,11/01/2024,57,624.64
99,18/02/2023,6,459.99
74,31/12/2023,99,988.96
76,08/01/2024,32,865.47
56,21/09/2023,82,605.23
50,11/03/2023,67,926.79
85,24/02/2024,81,426.58
51,28/03/2023,91,989.67
66,29/08/2023,28,454.42
76,30/01/2024,44,655.73
74,06/10/2023,64,953.44
34,16/01/2024,32,558.12
18,05/07/2023,53,384.33
63,15/05/2023,56,42.11
31,15/02/2024,24,591.51
86,17/09/2023,91,293.3
16,01/03/2023,2,516.36
11,26/09/2023,90,889.88
53,10/02/2023,84,37.31
12,15/01/2024,59,718.55
80,19/06/2023,66,455.78
57,27/03/2024,56,423.35
93,12/04/2024,52,25.13
74,03/03/2023,20,246.7
15,17/07/2023,31,531.39
49,14/11/2023,4,49.84
78,08/09/2023,41,258.0
89,17/06/2023,22,900.84
65,17/07/2023,2,582.44
84,24/03/2024,71,531.75
67,14/03/2024,58,704.63
37,11/04/2023,42,676.35
24,16/03/2024,36,601.03
36,16/08/2023,7,282.4
19,13/06/2023,20,642.64
86,28/04/2024,26,174.13
18,15/01/2024,15,318.98
63,16/09/2023,12,241.85
16,25/10/2023,94,934.71
79,21/11/2023,89,305.17
55,01/02/2023,81,52.73
95,19/03/2024,25,875.99
71,16/05/2023,29,781.95
74,02/11/2023,45,333.37
79,19/09/2023,42,357.08
92,21/08/2023,90,113.96
10,20/06/2023,35,147.61
38,11/01/2024,92,248.45
33,13/01/2024,48,227.31
65,02/01/2024,46,246.47
42,03/06/2023,95,777.0
76,23/02/2023,43,607.34
100,28/05/2023,9,596.43
16,01/09/2023,18,986.88
51,10/02/2023,29,374.38
56,31/03/2023,70,301.04
90,17/01/2023,90,572.28
10,17/04/2023,20,494.11
68,07/08/2023,82,380.36
26,28/02/2023,58,623.6
33,10/02/2023,27,642.32
59,26/05/2023,28,12.4
34,27/09/2023,47,986.26
9,23/02/2023,12,269.15
36,08/01/2024,55,402.31
92,07/09/2023,17,42.05
8,12/12/2023,2,19.92
94,05/03/2023,44,867.29
17,25/03/2024,37,773.81
79,01/05/2023,40,933.68
2,18/05/2023,77,912.2
61,01/02/2024,31,934.22
16,06/02/2024,82,18.7
70,18/01/2023,52,760.89
56,17/01/2024,83,40.91
9,16/02/2024,10,398.16
94,12/11/2023,41,300.22
21,29/05/2023,6,460.9
60,09/04/2024,73,408.03
23,08/11/2023,55,262.29
86,04/04/2024,72,60.41
64,19/01/2024,90,147.87
4,23/01/2024,7,458.91
45,06/09/2023,49,841.43
7,14/04/2023,95,220.12
45,26/07/2023,85,960.09
72,24/01/2024,3,591.17
37,10/01/2024,45,675.11
18,07/01/2023,59,60.82
59,18/05/2023,77,29.5
26,25/08/2023,43,361.34
46,26/03/2023,69,565.08
55,01/03/2024,85,256.78
94,12/01/2024,80,289.5
50,24/08/2023,81,373.35
89,20/04/2023,64,765.59
65,25/08/2023,69,205.0
11,28/03/2023,27,338.49
13,25/09/2023,86,141.15
97,02/11/2023,14,656.36
8,01/08/2023,14,190.41
3,23/03/2023,37,687.02
92,09/01/2023,52,652.68
53,24/02/2023,3,32.76
68,18/01/2024,90,101.25
2,14/02/2023,76,93.2
40,19/11/2023,69,878.89
15,12/03/2023,85,892.1
99,22/12/2023,72,936.68
57,28/09/2023,66,795.56
76,14/09/2023,49,988.08
57,27/07/2023,45,677.79
96,30/07/2023,67,638.16
19,24/07/2023,14,362.28
75,10/05/2023,66,529.22
40,11/02/2023,17,957.47
19,04/03/2024,76,696.13
58,15/05/2023,92,109.68
12,14/07/2023,84,918.5
84,09/02/2023,51,946.47
64,19/10/2023,7,311.95
74,26/02/2024,52,955.46
48,09/10/2023,91,492.88
16,27/04/2024,92,61.9
71,15/08/2023,31,676.62
78,17/07/2023,9,842.78
21,21/12/2023,40,922.49
74,04/08/2023,32,740.04
27,29/12/2023,99,592.16
14,10/05/2023,84,270.48
35,28/03/2024,36,177.38
97,08/03/2024,76,367.23
70,28/11/2023,90,650.58
70,15/01/2024,26,723.32
22,23/02/2023,23,954.78
72,26/06/2023,48,121.55
57,07/02/2024,27,205.4
55,06/03/2023,88,692.39
39,12/06/2023,5,91.35
30,17/04/2024,16,995.3
25,06/06/2023,25,125.4
100,18/11/2023,96,339.9
29,23/03/2024,17,70.04
17,26/08/2023,69,560.03
37,04/04/2023,90,649.76
32,14/09/2023,69,879.13
75,07/02/2023,39,400.38
18,01/10/2023,50,696.92
54,14/10/2023,16,850.69
64,25/01/2024,30,501.11
5,02/07/2023,9,738.09
87,14/08/2023,22,480.6
56,13/09/2023,68,34.19
78,03/04/2023,24,76.63
11,13/03/2024,79,518.04
54,18/06/2023,36,732.27
83,26/02/2024,99,832.78
59,30/05/2023,38,440.33
4,27/09/2023,49,66.68
92,25/10/2023,91,837.96
98,01/10/2023,96,157.96
63,16/05/2023,44,247.65
62,20/04/2023,52,268.12
59,03/05/2023,1,918.5
12,02/04/2024,74,466.29
18,07/03/2024,64,468.14
25,03/09/2023,72,245.18
86,03/04/2023,65,201.68
37,24/09/2023,98,829.73
48,22/08/2023,52,906.94
34,27/05/2023,61,234.6
8,04/06/2023,56,210.59
100,28/10/2023,3,85.86
25,14/01/2023,5,874.14
34,09/12/2023,9,532.38
11,04/11/2023,95,406.81
44,14/07/2023,10,581.74
52,30/12/2023,77,43.56
40,17/03/2023,2,213.39
11,10/11/2023,16,253.26
43,26/07/2023,69,169.3
31,11/11/2023,24,640.28
39,21/01/2023,68,446.71
93,19/08/2023,53,878.76
48,06/09/2023,45,934.23
30,11/10/2023,56,724.07
25,07/11/2023,20,627.32
59,06/02/2024,81,107.72
82,06/04/2023,66,330.02
39,30/11/2023,80,72.45
84,11/01/2024,4,576.99
28,27/11/2023,58,89.89
90,03/07/2023,59,252.08
78,30/07/2023,35,92.79
49,28/06/2023,91,203.34
77,09/02/2023,33,775.86
54,26/10/2023,89,501.46
86,15/01/2023,21,409.3
42,23/03/2023,36,965.72
73,10/08/2023,74,228.17
51,08/01/2024,68,216.77
42,15/01/2023,81,726.47
94,08/10/2023,43,621.82
35,09/02/2024,68,325.04
50,30/09/2023,78,635.3
6,18/09/2023,30,436.36
91,07/03/2023,96,562.27
11,22/04/2023,92,217.14
66,28/10/2023,15,503.46
70,01/12/2023,37,62.05
73,17/08/2023,37,942.74
81,31/03/2024,64,428.48
42,11/07/2023,11,752.59
90,18/06/2023,62,542.64
43,12/04/2023,15,153.06
19,21/12/2023,30,703.59
34,10/12/2023,99,869.15
2,05/05/2023,2,76.76
25,31/03/2023,73,187.78
99,17/07/2023,60,887.45
21,16/05/2023,30,969.49
86,16/03/2023,28,653.96
1,03/05/2023,92,240.05
88,18/12/2023,54,776.0
25,04/03/2024,91,34.84
3,17/03/2023,11,123.39
83,16/10/2023,99,394.6
75,09/01/2023,40,410.94
99,01/08/2023,60,833.61
75,14/08/2023,81,273.87
99,24/02/2024,41,410.69
29,18/04/2024,66,963.58
64,27/04/2023,7,384.73
41,03/02/2023,71,777.93
44,11/10/2023,72,633.52
97,19/05/2023,81,330.53
57,22/01/2023,5,68.94
9,21/03/2024,7,657.93
87,19/04/2024,70,392.6
99,17/10/2023,27,63.26
92,20/05/2023,64,369.14
62,05/03/2024,96,876.45
72,21/02/2023,100,202.19
15,18/11/2023,61,48.07
46,17/01/2023,16,103.86
52,21/04/2024,100,655.93
16,19/11/2023,61,465.53
48,03/02/2023,59,350.73
77,01/11/2023,67,654.62
44,12/08/2023,19,684.52
81,19/08/2023,86,785.65
15,05/09/2023,79,942.01
8,16/04/2023,57,720.65
67,25/03/2024,80,777.49
20,23/01/2024,97,780.93
27,15/02/2023,79,473.62
99,19/01/2024,69,555.07
54,01/09/2023,4,517.74
40,27/07/2023,66,638.28
66,24/07/2023,33,931.35
29,14/02/2023,1,278.59
30,26/08/2023,92,132.26
5,12/12/2023,19,388.82
32,13/01/2024,83,275.92
81,01/08/2023,42,758.95
1,05/09/2023,47,65.28
90,16/08/2023,56,789.77
24,01/01/2023,8,113.11
15,12/01/2023,54,154.72
31,07/01/2024,93,475.35
7,25/11/2023,88,679.29
77,26/04/2023,99,176.21
54,29/10/2023,79,535.64
26,27/03/2024,38,46.56
25,05/05/2023,94,169.72
10,09/03/2024,27,301.72
75,25/09/2023,87,375.16
35,24/02/2023,51,691.12
16,08/03/2024,40,485.29
82,14/04/2024,19,783.48
31,12/01/2023,37,239.7
32,18/11/2023,50,60.23
96,22/06/2023,15,464.13
33,28/07/2023,19,725.24
78,11/02/2023,78,191.19
23,22/02/2024,62,716.21
37,31/03/2023,45,491.97
64,01/04/2024,29,434.24
1,11/08/2023,22,489.14
89,12/01/2024,26,421.73
61,22/01/2023,39,469.53
86,30/03/2023,52,70.71
79,02/05/2023,14,63.14
88,17/02/2023,35,430.43
13,01/01/2023,66,785.55
15,21/02/2023,14,234.61
17,13/03/2024,30,460.73
79,05/01/2024,36,426.23
100,23/12/2023,48,338.31
65,31/05/2023,44,368.65
66,25/02/2023,30,688.07
62,14/12/2023,91,771.2
95,18/02/2024,29,467.31
40,11/12/2023,62,511.27
67,27/03/2023,83,763.55
45,28/09/2023,32,331.82
9,01/04/2023,31,270.12
62,19/03/2023,99,791.72
99,02/03/2024,4,727.53
34,22/05/2023,32,855.18
89,08/12/2023,68,619.04
96,04/06/2023,50,896.57
7,05/01/2024,74,524.73
44,02/01/2023,10,567.72
22,27/11/2023,26,75.81
53,27/03/2023,80,182.79
84,14/10/2023,3,432.07
71,18/03/2023,11,535.49
98,07/03/2023,83,111.72
6,22/07/2023,86,82.12
11,24/05/2023,19,134.21
39,15/01/2023,88,888.87
19,24/12/2023,41,987.41
96,20/06/2023,64,239.84
66,21/09/2023,27,147.57
47,18/02/2023,54,472.75
30,08/10/2023,70,645.97
37,05/01/2023,83,694.29
53,23/04/2023,4,218.09
80,12/12/2023,21,308.61
55,27/07/2023,2,620.01
43,28/04/2024,46,96.68
5,30/03/2023,45,320.31
91,18/04/2023,10,591.26
86,16/12/2023,68,215.28
66,11/02/2023,42,392.46
79,30/07/2023,79,599.24
40,23/03/2023,75,797.76
97,02/05/2023,92,375.91
2,13/12/2023,52,341.52
24,26/04/2023,14,985.07
67,19/08/2023,41,428.91
34,01/11/2023,44,449.05
77,23/12/2023,92,200.01
83,08/03/2023,3,410.61
22,21/12/2023,19,886.07
79,12/03/2023,44,525.02
59,20/10/2023,65,302.75
36,16/02/2023,16,162.61
4,11/11/2023,48,650.27
21,12/09/2023,27,892.95
11,24/10/2023,72,60.06
19,19/11/2023,5,609.04
33,03/03/2024,71,933.95
27,22/01/2023,43,813.39
59,12/12/2023,31,173.36
40,15/06/2023,52,536.36
85,25/01/2024,29,472.12
89,18/10/2023,77,274.49
45,08/01/2023,56,491.65
88,28/09/2023,15,562.53
56,16/01/2024,69,754.42
52,09/04/2024,25,935.17
90,17/02/2024,58,514.75
52,20/11/2023,71,995.69
31,31/01/2024,89,505.98
21,20/04/2023,79,199.56
33,07/02/2023,42,229.88
94,21/11/2023,67,525.48
62,12/08/2023,68,246.05
63,04/11/2023,14,568.76
76,21/02/2024,97,896.82
96,28/01/2023,39,641.02
96,23/10/2023,69,247.79
85,31/12/2023,96,644.91
62,18/03/2023,61,791.39
72,15/04/2024,62,805.09
60,23/01/2024,15,218.38
4,14/03/2024,24,119.43
54,27/02/2024,6,381.33
30,05/04/2023,90,773.79
3,28/03/2023,80,654.08
20,20/03/2024,86,126.47
73,12/03/2023,32,13.04
21,18/03/2023,18,188.52
10,14/04/2024,12,318.33
10,25/12/2023,60,941.38
90,10/06/2023,8,417.8
12,26/11/2023,3,85.63
43,18/04/2023,99,270.09
47,14/11/2023,27,910.56
48,05/03/2024,3,264.09
16,20/08/2023,58,609.71
53,26/02/2023,62,795.7
63,05/01/2023,26,288.69
44,24/10/2023,91,24.4
94,10/02/2024,43,548.82
78,04/03/2024,54,770.75
75,04/12/2023,68,531.69
17,03/02/2024,7,439.49
42,05/07/2023,2,451.3
18,21/05/2023,9,884.06
15,10/09/2023,55,195.48
37,12/01/2023,5,136.74
54,01/12/2023,40,408.86
72,06/04/2024,43,425.45
52,31/10/2023,83,426.18
6,21/03/2024,8,719.4
62,28/12/2023,6,179.0
13,01/01/2024,30,546.53
67,28/02/2023,80,597.02
25,31/12/2023,24,970.97
78,21/01/2024,52,306.34
88,11/09/2023,29,662.17
2,08/01/2023,24,120.94
89,18/04/2024,2,833.63
15,30/09/2023,30,829.68
48,28/02/2024,34,664.32
15,19/03/2023,5,329.16
23,15/02/2023,49,644.17
93,08/03/2023,10,543.78
69,17/03/2023,75,890.91
40,03/06/2023,45,402.19
90,09/12/2023,9,131.03
57,21/07/2023,95,261.93
48,14/03/2023,21,19.31
37,29/03/2024,38,421.86
24,12/06/2023,63,170.19
14,18/01/2024,85,563.51
91,12/11/2023,48,243.31
36,06/02/2024,39,612.38
7,29/10/2023,18,454.07
59,30/07/2023,36,163.85
62,13/01/2023,51,344.13
99,01/01/2023,35,542.6
16,09/12/2023,97,263.07
100,01/02/2023,3,862.0
17,07/03/2023,30,678.0
59,25/09/2023,64,578.02
45,16/03/2023,33,523.13
84,22/04/2024,46,920.43
81,20/07/2023,51,838.71
99,13/11/2023,60,905.04
99,28/03/2023,62,78.45
59,26/02/2024,25,21.0
30,04/10/2023,85,681.31
11,15/09/2023,2,599.29
37,24/05/2023,75,396.33
71,17/04/2023,67,908.22
10,25/04/2024,92,94.17
25,17/01/2023,52,594.09
30,23/04/2023,76,718.45
73,01/09/2023,51,406.82
37,06/11/2023,5,15.69
5,26/03/2024,14,788.48
13,22/11/2023,15,381.7
56,15/09/2023,88,45.08
29,28/11/2023,18,397.14
85,04/08/2023,39,229.9
46,09/01/2023,17,120.77
1,12/02/2024,71,899.22
21,16/02/2024,93,727.48
52,11/05/2023,87,967.99
48,24/01/2023,83,609.78
23,15/08/2023,9,176.38
93,26/11/2023,9,95.88
60,20/08/2023,77,649.78
81,29/03/2023,87,69.11
37,03/10/2023,41,580.49
8,02/06/2023,43,130.51
75,21/04/2023,77,429.29
32,26/09/2023,25,836.21
29,16/02/2024,55,444.71
38,10/05/2023,54,161.3
78,20/10/2023,92,544.03
22,03/02/2023,85,723.73
17,30/01/2023,57,335.65
28,17/07/2023,91,689.96
64,21/02/2023,49,278.3
54,26/02/2024,13,640.58
11,08/04/2024,65,92.43
71,07/03/2024,44,812.18
58,01/04/2023,88,735.55
94,12/09/2023,17,37.93
18,17/02/2024,31,488.82
7,06/06/2023,26,841.42
78,10/09/2023,99,801.98
29,15/02/2024,40,896.48
34,28/05/2023,98,946.35
4,12/02/2023,63,866.79
29,15/04/2024,26,749.53
49,18/05/2023,46,532.42
9,22/04/2023,98,608.26
10,11/04/2024,17,347.26
83,04/08/2023,69,79.61
15,10/12/2023,35,448.94
13,25/03/2023,82,206.5
90,14/10/2023,34,725.89
79,10/01/2023,84,312.18
36,23/03/2024,27,137.24
4,03/07/2023,44,115.28
88,04/11/2023,67,203.3
3,25/01/2024,38,81.13
48,24/05/2023,42,576.36
99,08/03/2023,35,468.17
48,07/07/2023,65,242.77
30,05/04/2024,75,841.95
36,12/11/2023,11,366.46
78,18/04/2023,84,552.65
16,30/06/2023,33,508.71
32,23/04/2024,4,620.0
32,05/01/2023,21,694.25
40,23/03/2024,32,820.93
95,10/04/2024,72,511.31
79,27/02/2024,54,663.63
4,12/01/2024,12,989.94
61,09/01/2024,7,462.61
93,19/08/2023,88,936.56
95,23/05/2023,27,818.33
47,20/04/2023,83,245.55
37,23/03/2023,25,937.9
76,16/04/2024,3,162.79
5,24/05/2023,86,982.2
53,24/07/2023,63,427.16
28,16/06/2023,36,836.7
48,13/08/2023,33,932.78
9,21/04/2024,49,670.79
15,22/09/2023,78,877.56
99,24/01/2024,31,71.51
56,11/10/2023,80,541.27
5,06/03/2024,45,677.02
89,10/02/2024,14,319.35
30,22/11/2023,86,426.62
62,23/04/2024,73,401.01
53,12/02/2023,14,157.2
75,29/12/2023,35,229.18
34,10/07/2023,14,39.79
83,30/07/2023,14,926.11
63,27/01/2024,73,141.21
55,31/10/2023,70,971.37
52,26/03/2024,87,398.34
79,21/01/2023,87,560.89
29,08/12/2023,22,967.4
3,15/09/2023,77,791.94
75,25/12/2023,11,968.8
73,31/05/2023,61,556.16
6,22/12/2023,32,438.85
45,27/01/2023,15,756.86
91,08/06/2023,93,441.8
11,09/02/2023,88,816.11
28,23/05/2023,43,454.1
23,31/01/2024,2,473.31
18,24/04/2023,2,47.42
6,09/10/2023,66,742.99
97,20/12/2023,1,838.84
68,09/02/2024,99,200.6
72,25/03/2023,99,318.51
38,27/12/2023,91,913.44
16,22/10/2023,3,330.24
43,30/04/2023,54,717.39
24,03/12/2023,76,673.32
46,01/04/2024,79,967.11
65,27/07/2023,52,865.72
11,05/06/2023,77,38.98
38,20/01/2024,5,891.78
80,15/05/2023,17,119.89
13,06/02/2024,88,758.82
95,12/03/2024,14,210.34
49,24/05/2023,1,755.4
80,28/08/2023,67,313.27
38,17/04/2023,88,697.36
94,22/07/2023,29,325.76
57,16/09/2023,28,32.34
38,26/02/2023,67,224.15
45,15/03/2023,79,827.87
60,21/02/2023,98,701.31
68,15/09/2023,39,747.7
36,29/09/2023,76,15.55
62,09/04/2024,41,698.93
81,22/03/2023,7,865.43
57,25/01/2024,47,352.31
38,11/06/2023,73,925.79
28,23/09/2023,3,964.12
45,26/03/2024,17,54.33
1,25/03/2024,40,14.98
65,19/02/2024,37,552.83
40,29/08/2023,32,759.56
61,16/10/2023,72,554.52
26,15/12/2023,39,884.24
65,23/09/2023,10,639.4
12,02/07/2023,15,102.4
88,01/01/2024,34,851.03
46,28/02/2024,39,645.22
39,03/03/2024,2,39.65
35,05/08/2023,98,280.26
69,27/03/2024,1,304.11
73,09/09/2023,21,752.41
13,18/06/2023,76,584.3
60,14/02/2024,90,140.23
34,02/03/2023,52,291.65
15,01/12/2023,59,313.62
16,06/01/2024,18,20.11
9,20/05/2023,33,396.05
65,20/02/2023,10,407.37
77,10/03/2024,31,930.86
2,23/07/2023,32,554.22
5,17/10/2023,18,93.05
30,05/02/2024,11,70.67
96,10/04/2024,73,405.4
22,27/07/2023,54,853.05
72,14/09/2023,54,384.59
3,19/04/2024,95,448.14
5,18/04/2023,59,806.37
57,17/06/2023,82,97.83
37,17/08/2023,55,166.83
93,29/06/2023,2,914.87
57,27/12/2023,30,616.35
72,11/01/2024,49,177.2
30,21/10/2023,74,302.24
17,18/01/2024,63,79.68
36,17/11/2023,96,286.34
77,24/04/2024,93,825.06
73,04/08/2023,17,299.55
48,08/10/2023,57,542.81
20,07/06/2023,82,216.21
18,04/02/2024,63,224.13
14,21/02/2023,40,445.86
10,10/06/2023,81,943.13
67,31/01/2024,6,554.14
15,21/04/2023,6,594.38
17,16/11/2023,86,456.61
85,19/02/2024,19,814.68
70,03/01/2024,34,574.13
50,11/04/2023,50,866.25
24,11/06/2023,55,344.75
72,30/07/2023,40,497.78
22,21/02/2023,82,64.04
76,04/04/2023,46,666.87
81,12/01/2024,52,433.69
15,13/02/2023,45,891.35
97,02/02/2023,84,259.64
86,01/08/2023,98,454.48
41,06/01/2024,87,994.25
83,08/04/2024,84,899.17
25,09/01/2024,35,117.0
69,17/12/2023,7,406.96
74,01/07/2023,56,458.76
2,23/06/2023,44,548.02
88,10/06/2023,55,666.57
76,19/05/2023,93,353.64
97,17/09/2023,28,428.38
25,13/08/2023,8,112.98
84,26/04/2024,4,658.71
30,26/09/2023,13,103.19
87,28/06/2023,86,73.03
87,10/01/2024,77,843.93
79,27/06/2023,56,417.86
95,20/08/2023,47,937.31
90,26/03/2023,93,243.64
88,27/04/2024,48,338.72
44,06/12/2023,66,590.95
79,12/12/2023,77,173.46
27,29/05/2023,1,216.76
73,05/01/2023,31,572.46
3,24/01/2023,73,541.05
97,30/09/2023,12,207.95
41,10/10/2023,21,850.27
67,30/12/2023,65,223.02
86,07/04/2023,14,228.58
56,01/08/2023,29,261.95
95,01/08/2023,80,372.19
24,05/09/2023,96,945.67
81,27/05/2023,6,91.58
56,12/11/2023,55,793.22
53,11/02/2024,4,656.95
65,14/01/2023,59,535.83
52,03/05/2023,49,755.83
32,07/04/2023,40,487.89
6,14/01/2024,89,267.58
81,19/01/2023,51,496.33
51,21/01/2023,45,601.9
51,03/03/2023,44,767.63
72,16/09/2023,14,930.71
32,18/08/2023,46,764.02
43,14/04/2024,19,412.24
58,30/05/2023,31,517.59
38,15/03/2023,66,868.07
5,12/03/2023,42,85.92
68,19/04/2023,91,263.99
40,05/07/2023,32,963.8
54,04/02/2024,95,620.32
74,07/09/2023,42,248.44
41,07/02/2023,38,608.65
66,01/04/2023,75,893.5
92,14/02/2023,75,51.06
96,02/08/2023,63,542.27
2,12/11/2023,7,457.24
52,23/02/2024,30,406.99
90,04/02/2023,54,106.25
7,04/01/2023,78,489.64
14,11/06/2023,60,16.21
62,14/07/2023,20,829.81
83,04/04/2023,98,393.32
31,09/08/2023,44,718.8
32,14/03/2024,73,684.02
98,19/03/2024,91,119.55
76,12/01/2023,47,756.49
43,21/05/2023,82,119.92
76,13/07/2023,20,439.54
28,28/01/2023,20,768.1
61,18/08/2023,98,679.72
22,05/11/2023,79,493.35
66,29/04/2023,43,254.33
100,23/03/2023,42,830.8
80,03/09/2023,73,374.09
90,01/08/2023,7,121.9
64,07/03/2023,77,357.59
21,11/06/2023,1,522.13
17,19/02/2023,62,99.94
15,15/09/2023,65,14.55
58,27/04/2023,94,893.22
30,03/02/2023,80,755.07
44,25/12/2023,56,918.09
25,15/11/2023,11,730.74
97,24/07/2023,79,339.98
35,04/02/2023,99,564.49
94,28/10/2023,84,946.85
16,27/04/2023,20,996.0
88,27/07/2023,98,200.56
27,15/01/2023,2,513.5
75,19/06/2023,91,342.91
47,25/12/2023,8,331.17
1,27/03/2023,58,449.64
97,17/04/2024,28,189.82
7,27/10/2023,69,711.04
38,15/07/2023,84,607.58
41,20/02/2023,45,964.6
15,15/12/2023,71,445.34
62,12/10/2023,7,664.96
57,11/01/2024,88,990.91
16,21/01/2023,13,651.67
30,20/04/2023,73,911.45
39,05/11/2023,70,400.32
32,03/09/2023,68,387.36
13,03/12/2023,9,687.92
60,08/02/2023,37,495.27
97,01/01/2023,9,670.05
55,09/04/2023,77,990.3
1,16/04/2023,18,398.42
22,13/01/2023,26,621.85
53,11/10/2023,31,221.04
86,11/11/2023,46,281.29
28,16/06/2023,87,635.68
13,21/04/2024,59,223.69
41,13/02/2024,11,70.58
94,24/04/2024,10,589.39
47,22/02/2024,74,747.97
47,23/01/2023,97,86.84
30,12/11/2023,79,588.53
15,01/04/2024,60,829.69
85,10/08/2023,10,642.24
12,07/03/2023,80,102.96
47,18/06/2023,90,109.15
33,21/12/2023,84,522.75
18,26/02/2024,8,409.75
5,14/12/2023,48,755.88
72,26/08/2023,2,464.91
12,11/12/2023,10,394.45
55,08/08/2023,13,626.17
18,01/02/2024,59,175.79
7,31/03/2023,99,992.2
89,25/04/2024,43,93.68
12,12/06/2023,10,920.89
52,12/04/2024,45,541.28
18,25/06/2023,44,443.75
77,30/01/2024,68,168.71
35,17/05/2023,63,315.92
22,22/02/2024,69,308.3
2,24/03/2024,79,509.9
59,09/10/2023,53,923.87
95,01/05/2023,33,136.9
65,08/03/2023,47,132.86
71,27/03/2024,48,599.47
53,26/04/2023,40,148.72
85,08/02/2023,69,799.44
9,06/10/2023,72,46.68
65,17/04/2024,62,339.56
45,14/07/2023,56,751.27
94,21/02/2024,3,505.06
6,25/01/2023,94,698.89
60,23/03/2023,44,447.05
20,03/09/2023,84,661.03
66,04/03/2023,52,210.48
49,27/05/2023,87,188.11
38,05/04/2024,25,487.94
69,10/05/2023,31,51.25
75,19/04/2023,55,966.37
58,15/06/2023,93,598.16
58,24/06/2023,75,870.2
11,06/01/2024,38,357.33
85,11/01/2024,57,624.64
99,18/02/2023,6,459.99
74,31/12/2023,99,988.96
76,08/01/2024,32,865.47
56,21/09/2023,82,605.23
50,11/03/2023,67,926.79
85,24/02/2024,81,426.58
51,28/03/2023,91,989.67
66,29/08/2023,28,454.42
76,30/01/2024,44,655.73
74,06/10/2023,64,953.44
34,16/01/2024,32,558.12
18,05/07/2023,53,384.33
63,15/05/2023,56,42.11
31,15/02/2024,24,591.51
86,17/09/2023,91,293.3
16,01/03/2023,2,516.36
11,26/09/2023,90,889.88
53,10/02/2023,84,37.31
12,15/01/2024,59,718.55
80,19/06/2023,66,455.78
57,27/03/2024,56,423.35
93,12/04/2024,52,25.13
74,03/03/2023,20,246.7
15,17/07/2023,31,531.39
49,14/11/2023,4,49.84
78,08/09/2023,41,258.0
89,17/06/2023,22,900.84
65,17/07/2023,2,582.44
84,24/03/2024,71,531.75
67,14/03/2024,58,704.63
37,11/04/2023,42,676.35
24,16/03/2024,36,601.03
36,16/08/2023,7,282.4
19,13/06/2023,20,642.64
86,28/04/2024,26,174.13
18,15/01/2024,15,318.98
63,16/09/2023,12,241.85
16,25/10/2023,94,934.71
79,21/11/2023,89,305.17
55,01/02/2023,81,52.73
95,19/03/2024,25,875.99
71,16/05/2023,29,781.95
74,02/11/2023,45,333.37
79,19/09/2023,42,357.08
92,21/08/2023,90,113.96
10,20/06/2023,35,147.61
38,11/01/2024,92,248.45
33,13/01/2024,48,227.31
65,02/01/2024,46,246.47
42,03/06/2023,95,777.0
76,23/02/2023,43,607.34
100,28/05/2023,9,596.43
16,01/09/2023,18,986.88
51,10/02/2023,29,374.38
56,31/03/2023,70,301.04
90,17/01/2023,90,572.28
10,17/04/2023,20,494.11
68,07/08/2023,82,380.36
26,28/02/2023,58,623.6
33,10/02/2023,27,642.32
59,26/05/2023,28,12.4
34,27/09/2023,47,986.26
9,23/02/2023,12,269.15
36,08/01/2024,55,402.31
92,07/09/2023,17,42.05
8,12/12/2023,2,19.92
94,05/03/2023,44,867.29
17,25/03/2024,37,773.81
79,01/05/2023,40,933.68
2,18/05/2023,77,912.2
61,01/02/2024,31,934.22
16,06/02/2024,82,18.7
70,18/01/2023,52,760.89
56,17/01/2024,83,40.91
9,16/02/2024,10,398.16
94,12/11/2023,41,300.22
21,29/05/2023,6,460.9
60,09/04/2024,73,408.03
23,08/11/2023,55,262.29
86,04/04/2024,72,60.41
64,19/01/2024,90,147.87
4,23/01/2024,7,458.91
45,06/09/2023,49,841.43
7,14/04/2023,95,220.12
45,26/07/2023,85,960.09
72,24/01/2024,3,591.17
37,10/01/2024,45,675.11
18,07/01/2023,59,60.82
59,18/05/2023,77,29.5
26,25/08/2023,43,361.34
46,26/03/2023,69,565.08
55,01/03/2024,85,256.78
94,12/01/2024,80,289.5
50,24/08/2023,81,373.35
89,20/04/2023,64,765.59
65,25/08/2023,69,205.0
11,28/03/2023,27,338.49
13,25/09/2023,86,141.15
97,02/11/2023,14,656.36
8,01/08/2023,14,190.41
3,23/03/2023,37,687.02
92,09/01/2023,52,652.68
53,24/02/2023,3,32.76
68,18/01/2024,90,101.25
2,14/02/2023,76,93.2
40,19/11/2023,69,878.89
15,12/03/2023,85,892.1
99,22/12/2023,72,936.68
57,28/09/2023,66,795.56
76,14/09/2023,49,988.08
57,27/07/2023,45,677.79
96,30/07/2023,67,638.16
19,24/07/2023,14,362.28
75,10/05/2023,66,529.22
40,11/02/2023,17,957.47
19,04/03/2024,76,696.13
58,15/05/2023,92,109.68
12,14/07/2023,84,918.5
84,09/02/2023,51,946.47
64,19/10/2023,7,311.95
74,26/02/2024,52,955.46
48,09/10/2023,91,492.88
16,27/04/2024,92,61.9
71,15/08/2023,31,676.62
78,17/07/2023,9,842.78
21,21/12/2023,40,922.49
74,04/08/2023,32,740.04
27,29/12/2023,99,592.16
14,10/05/2023,84,270.48
35,28/03/2024,36,177.38
97,08/03/2024,76,367.23
70,28/11/2023,90,650.58
70,15/01/2024,26,723.32
22,23/02/2023,23,954.78
72,26/06/2023,48,121.55
57,07/02/2024,27,205.4
55,06/03/2023,88,692.39
39,12/06/2023,5,91.35
30,17/04/2024,16,995.3
25,06/06/2023,25,125.4
100,18/11/2023,96,339.9
29,23/03/2024,17,70.04
17,26/08/2023,69,560.03
37,04/04/2023,90,649.76
32,14/09/2023,69,879.13
75,07/02/2023,39,400.38
18,01/10/2023,50,696.92
54,14/10/2023,16,850.69
64,25/01/2024,30,501.11
5,02/07/2023,9,738.09
87,14/08/2023,22,480.6
56,13/09/2023,68,34.19
78,03/04/2023,24,76.63
11,13/03/2024,79,518.04
54,18/06/2023,36,732.27
83,26/02/2024,99,832.78
59,30/05/2023,38,440.33
4,27/09/2023,49,66.68
92,25/10/2023,91,837.96
98,01/10/2023,96,157.96
10,28/08/2023,99,40.03
182,27/04/2023,32,45.94
142,11/07/2023,92,98.66
129,26/02/2023,32,873.28
46,19/12/2023,178,452.88
98,27/12/2023,143,831.46
20,09/09/2023,65,109.97
46,14/03/2024,97,22.24
82,08/03/2024,64,459.72
181,15/10/2023,21,247.7
123,08/02/2023,97,116.94
196,10/01/2024,33,997.31
42,21/12/2023,75,410.06
55,02/04/2024,87,520.15
103,07/02/2024,116,21.28
189,23/03/2024,97,282.44
192,21/03/2023,40,957.47
156,18/08/2023,97,49.39
68,20/04/2023,11,527.18
106,09/07/2023,109,88.46
34,10/04/2024,17,250.58
67,02/08/2023,65,352.53
106,06/03/2024,87,585.82
45,05/05/2023,80,293.55
78,11/04/2024,20,993.48
58,01/03/2024,87,803.66
79,21/01/2023,97,138.89
71,11/05/2023,8,62.82
71,24/09/2023,65,57.79
64,21/01/2024,29,55.26
63,02/02/2023,174,402.97
45,12/01/2023,36,57.18
45,10/03/2024,87,795.23
123,24/10/2023,113,282.35
99,07/02/2024,64,213.46
41,08/03/2024,66,163.92
81,30/01/2023,66,824.96
45,25/09/2023,65,386.76
1,07/11/2023,66,412.77
98,20/04/2024,64,771.13
104,04/08/2023,163,906.55
75,15/08/2023,97,661.22
78,21/12/2023,149,479.81
112,24/03/2024,32,186.85
88,04/03/2023,64,316.23
105,08/01/2023,23,369.71
88,17/01/2024,97,567.29
45,15/01/2023,65,406.82
88,24/03/2023,66,952.08
158,13/03/2023,181,368.43
177,09/08/2023,87,539.51
89,12/08/2023,99,923.1
67,05/11/2023,87,98.78
75,08/05/2023,97,905.86
77,06/05/2023,115,243.5
34,02/01/2023,66,371.6
195,30/11/2023,66,543.96
165,04/08/2023,66,264.63
14,31/01/2023,32,500.83
45,08/03/2024,65,561.88
66,20/10/2023,83,986.28
28,02/10/2023,185,253.8
132,04/07/2023,142,366.54
35,16/03/2024,191,649.0
59,14/09/2023,4,571.56
131,21/08/2023,32,454.62
61,28/08/2023,66,150.78
88,18/01/2024,116,710.73
14,02/06/2023,43,516.63
129,10/02/2024,174,688.01
110,25/10/2023,100,321.95
68,08/04/2024,64,442.2
64,27/08/2023,57,785.8
11,07/01/2024,50,320.95
78,10/12/2023,82,589.52
45,25/05/2023,46,255.6
104,07/09/2023,64,715.78
45,12/02/2024,87,355.19
140,06/07/2023,152,436.16
21,03/03/2024,66,962.99
74,24/11/2023,48,631.18
66,09/12/2023,66,300.44
159,21/02/2023,66,483.55
90,30/09/2023,194,478.62
125,10/06/2023,87,490.21
51,25/12/2023,39,636.51
78,24/02/2023,87,246.48
68,17/12/2023,48,677.54
98,11/03/2023,41,746.9
94,18/01/2023,131,977.16
68,06/11/2023,62,588.98
106,22/06/2023,97,202.64
98,26/08/2023,27,556.52
116,03/03/2023,56,971.56
28,26/07/2023,114,143.64
195,13/09/2023,9,155.75
67,03/02/2024,66,587.34
45,29/12/2023,172,831.29
106,17/02/2024,62,191.14
190,23/09/2023,197,372.07
154,08/12/2023,93,113.17
98,19/09/2023,32,628.74
107,22/07/2023,97,466.58
35,04/12/2023,178,443.33
67,14/03/2023,87,749.46
106,16/03/2024,87,461.45
98,14/11/2023,66,467.21
65,02/07/2023,64,350.11
46,05/06/2023,66,461.88
45,29/01/2024,71,95.96
67,27/01/2024,66,638.12
124,07/12/2023,87,437.05
125,04/02/2023,32,40.82
198,11/09/2023,139,551.29
118,21/02/2024,162,313.38
104,14/01/2023,107,278.6
64,21/04/2023,66,395.03
123,19/03/2024,157,997.11
22,01/07/2023,65,150.38
135,14/09/2023,126,544.79
10,21/02/2024,64,908.77
99,20/05/2023,66,745.26
44,23/01/2023,66,714.72
65,17/09/2023,64,430.22
98,31/05/2023,152,728.7
106,12/04/2023,87,484.27
98,16/12/2023,64,918.63
112,31/12/2023,64,910.82
75,30/03/2023,66,983.16
94,31/12/2023,87,257.5
104,28/03/2024,97,982.76
98,24/07/2023,12,641.77
36,15/01/2023,64,411.63
189,05/04/2023,31,157.62
38,31/01/2024,27,609.19
113,04/04/2024,87,795.74
59,06/01/2023,26,748.57
10,08/09/2023,65,984.55
98,24/05/2023,97,771.87
34,03/07/2023,87,706.4
105,12/10/2023,66,754.35
73,18/09/2023,66,715.07
45,28/01/2023,97,709.4
121,13/11/2023,65,565.52
19,13/12/2023,91,704.85
88,01/01/2024,97,438.73
106,24/06/2023,74,907.12
36,10/08/2023,111,983.52
64,24/03/2024,31,462.15
67,18/01/2023,32,425.63
169,24/11/2023,32,996.6
65,23/05/2023,173,602.5
75,03/01/2023,169,242.5
44,11/07/2023,70,905.89
179,02/08/2023,87,295.46
88,28/01/2023,66,971.78
5,08/04/2024,97,442.28
176,15/04/2023,32,877.77
181,19/02/2023,128,800.24
119,17/01/2024,64,248.98
50,01/04/2024,65,258.79
150,29/03/2024,49,13.65
45,20/01/2024,64,551.17
104,20/03/2024,65,149.53
106,19/06/2023,103,554.51
105,17/09/2023,18,649.42
98,25/02/2023,190,271.2
179,14/10/2023,53,759.5
110,11/12/2023,66,426.3
37,23/09/2023,152,625.76
166,20/03/2024,97,540.73
122,12/05/2023,48,75.03
128,02/11/2023,103,189.65
104,20/12/2023,32,511.21
101,19/07/2023,117,927.2
16,01/11/2023,177,964.06
156,17/12/2023,97,890.38
119,01/04/2023,105,69.63
106,22/12/2023,189,953.98
198,09/04/2023,50,490.47
53,26/05/2023,66,292.05
108,23/04/2023,26,991.38
105,12/05/2023,66,964.53
105,26/03/2024,65,565.17
42,06/04/2024,66,677.24
35,21/03/2023,21,692.63
54,15/01/2024,78,158.44
22,02/02/2024,124,475.47
42,04/09/2023,65,786.32
45,18/01/2023,66,550.08
101,12/01/2023,87,297.57
131,06/06/2023,64,731.42
67,18/07/2023,162,753.44
158,03/09/2023,118,533.3
88,17/09/2023,11,201.92
197,29/04/2024,87,164.55
86,04/02/2023,146,979.52
150,30/03/2023,65,129.25
45,30/08/2023,191,357.43
141,11/04/2023,66,482.83
192,03/10/2023,52,685.13
78,03/02/2024,65,661.94
78,04/12/2023,97,702.92
144,12/07/2023,32,227.22
98,08/03/2023,65,352.89
68,28/03/2023,32,407.86
82,17/04/2024,87,619.55
68,14/08/2023,65,648.66
75,13/06/2023,164,369.29
199,04/03/2024,32,125.28
157,13/08/2023,65,178.97
30,07/01/2024,66,170.85
45,09/02/2023,175,244.77
34,08/01/2024,196,65.32
77,10/08/2023,105,736.47
123,10/06/2023,99,874.62
20,10/10/2023,97,965.82
88,30/07/2023,87,202.97
34,14/09/2023,97,757.74
139,08/09/2023,21,941.99
112,24/04/2023,65,671.79
75,05/04/2023,140,151.71
105,18/03/2023,87,743.44
191,04/03/2023,66,388.94
99,20/04/2024,8,519.83
68,12/11/2023,192,893.42
195,13/04/2023,106,554.54
98,08/03/2023,20,606.23
35,30/08/2023,144,41.56
131,13/03/2023,66,35.68
68,22/10/2023,53,643.17
181,14/01/2024,65,506.27
34,12/04/2024,64,633.07
35,23/07/2023,92,748.08
94,11/06/2023,5,655.18
108,28/06/2023,64,842.85
169,23/03/2024,116,896.73
91,03/05/2023,71,223.74
104,20/11/2023,65,933.35
71,11/04/2024,66,800.05
156,03/08/2023,65,111.57
91,14/03/2023,123,875.0
143,06/02/2024,10,208.44
104,28/12/2023,97,996.2
49,26/06/2023,21,153.0
147,27/02/2023,64,981.85
86,08/03/2023,85,63.5
113,20/08/2023,64,563.56
106,02/02/2023,13,318.44
155,02/04/2023,64,33.31
65,13/02/2023,189,832.54
48,14/08/2023,45,613.42
64,26/08/2023,65,106.96
198,09/08/2023,21,749.74
34,06/07/2023,124,904.5
60,12/12/2023,47,627.43
34,01/03/2023,141,459.08
75,03/03/2024,32,939.67
86,24/03/2023,73,75.63
34,05/02/2024,87,592.13
171,19/03/2024,66,478.49
78,06/01/2023,163,178.09
106,26/09/2023,3,108.1
106,18/11/2023,132,897.51
137,26/01/2023,19,226.03
99,11/09/2023,87,166.77
68,13/04/2024,66,757.91
45,17/03/2023,11,456.85
46,31/08/2023,40,143.93
64,15/01/2023,97,941.35
65,18/10/2023,90,246.05
154,05/11/2023,171,228.79
23,13/05/2023,59,601.55
105,01/04/2024,66,847.02
139,19/04/2023,65,680.25
75,23/02/2023,116,651.96
45,18/06/2023,65,452.77
68,30/06/2023,30,471.29
132,15/03/2024,184,844.26
106,09/02/2024,97,574.63
65,02/04/2023,193,153.25
23,27/06/2023,154,45.88
78,22/12/2023,78,389.88
169,22/10/2023,107,729.02
98,02/06/2023,64,847.23
46,17/07/2023,104,598.23
45,08/04/2023,66,49.77
45,19/02/2023,65,531.66
68,27/07/2023,97,436.64
6,14/05/2023,74,91.6
75,29/06/2023,58,648.38
119,10/05/2023,186,678.3
98,03/12/2023,66,730.57
57,20/07/2023,124,930.83
36,07/04/2023,64,721.92
128,25/03/2024,87,139.05
67,21/04/2023,116,780.45
106,08/03/2024,32,739.74
37,11/05/2023,152,977.97
105,08/02/2023,7,362.0
82,02/04/2024,87,216.76
195,17/02/2023,157,983.53
46,31/10/2023,33,119.99
162,16/09/2023,10,632.59
64,05/06/2023,87,426.13
106,04/03/2024,32,435.54
61,14/08/2023,73,105.38
80,25/06/2023,87,335.97
138,20/01/2024,64,923.22
128,11/04/2024,177,41.46
35,01/02/2024,66,772.03
77,24/01/2024,131,888.11
26,04/08/2023,66,120.67
66,14/07/2023,32,628.76
133,17/02/2024,168,904.2
78,17/02/2024,46,633.87
64,15/10/2023,32,224.19
65,05/10/2023,158,753.55
88,13/08/2023,73,863.7
189,01/02/2023,156,997.1
167,25/05/2023,97,794.24
115,26/11/2023,32,330.43
99,28/09/2023,65,534.08
18,20/01/2023,31,390.15
106,16/07/2023,36,840.32
99,25/06/2023,97,727.53
106,18/01/2023,90,120.76
137,08/02/2023,65,588.3
32,14/03/2024,66,164.46
78,11/02/2024,90,872.63
174,13/11/2023,64,256.51
87,30/07/2023,64,417.04
75,22/07/2023,23,838.2
126,07/11/2023,104,512.93
140,28/05/2023,21,897.72
164,07/05/2023,66,476.7
56,20/01/2023,32,525.33
42,15/02/2023,103,631.87
45,23/01/2024,69,665.69
105,04/01/2024,87,124.37
45,13/10/2023,42,357.25
123,16/02/2023,97,882.57
13,30/01/2023,64,460.56
88,15/02/2024,98,740.37
35,15/03/2023,64,27.79
99,08/06/2023,32,257.93
166,21/03/2024,66,359.99
61,22/03/2023,24,680.36
67,08/11/2023,18,405.8
35,30/12/2023,30,211.59
35,14/10/2023,66,482.12
64,26/11/2023,87,660.87
78,20/02/2024,156,662.48
46,11/04/2023,33,77.17
118,08/11/2023,87,965.71
183,14/07/2023,144,836.6
195,08/02/2024,64,641.0
187,17/09/2023,66,105.29
98,09/01/2023,172,947.49
107,26/06/2023,32,15.68
47,15/03/2024,190,46.49
105,04/01/2023,66,433.27
194,12/01/2023,65,678.47
39,18/02/2023,168,536.08
64,24/07/2023,56,274.24
14,08/04/2024,32,446.25
105,12/04/2024,65,97.94
9,09/07/2023,6,810.13
104,11/01/2024,131,42.2
5,25/03/2024,64,119.34
121,13/04/2024,65,921.98
169,02/01/2023,87,40.58
8,18/03/2023,32,913.32
68,10/03/2024,32,790.6
198,15/02/2024,39,307.11
98,23/08/2023,159,157.48
88,27/07/2023,163,878.26
64,11/10/2023,148,832.12
106,04/08/2023,10,767.6
84,09/10/2023,14,640.79
105,01/07/2023,35,354.79
55,10/05/2023,87,600.8
100,29/05/2023,37,692.96
78,18/11/2023,87,179.7
35,03/03/2023,64,745.33
98,28/01/2024,146,379.85
2,19/07/2023,107,605.4
81,04/06/2023,64,606.53
142,10/07/2023,61,317.76
78,11/01/2023,32,637.27
163,11/05/2023,97,181.63
144,05/02/2024,113,430.18
75,01/01/2024,195,477.29
67,05/04/2023,134,233.22
67,13/06/2023,75,15.79
190,26/07/2023,65,902.69
104,03/03/2024,65,521.51
35,14/02/2024,66,161.01
98,17/06/2023,66,45.92
44,15/07/2023,166,689.34
33,10/02/2023,64,452.42
88,30/01/2024,12,26.05
70,05/03/2024,106,580.38
185,03/10/2023,82,210.03
7,05/03/2023,65,174.86
99,05/01/2024,4,202.93
45,17/11/2023,32,712.09
89,21/06/2023,32,883.07
6,02/04/2024,97,492.56
47,09/02/2023,195,52.66
64,08/10/2023,66,940.89
106,26/12/2023,97,34.7
98,05/12/2023,65,793.56
99,12/05/2023,178,434.3
191,15/02/2023,64,952.35
75,22/11/2023,166,846.96
131,29/01/2023,32,840.57
51,15/08/2023,97,998.04
76,05/04/2023,65,933.92
191,28/05/2023,127,676.23
98,02/03/2024,64,745.93
99,14/01/2023,79,686.94
113,31/05/2023,66,282.46
111,21/08/2023,75,839.98
99,07/02/2024,66,739.06
100,16/01/2024,65,676.64
80,13/05/2023,142,533.91
184,15/11/2023,32,338.12
65,23/03/2024,66,345.9
59,10/01/2023,143,856.8
44,22/01/2024,66,67.96
67,10/01/2024,66,75.21
45,01/10/2023,150,258.3
98,23/10/2023,165,104.2
106,08/03/2023,16,368.2
78,25/10/2023,136,15.04
79,26/07/2023,43,588.78
153,17/06/2023,10,40.08
125,08/03/2024,34,272.79
150,04/02/2023,65,360.37
99,27/07/2023,80,952.51
100,12/03/2023,66,461.53
46,26/11/2023,99,594.47
184,18/08/2023,59,851.77
87,25/04/2023,14,138.09
65,31/08/2023,64,908.38
12,27/03/2024,119,942.59
105,25/03/2024,90,634.74
42,10/06/2023,46,43.58
67,10/09/2023,160,905.65
106,11/02/2023,199,435.87
68,13/03/2024,187,529.14
173,18/03/2024,188,516.17
106,14/06/2023,1,452.49
161,22/03/2024,97,545.9
102,16/07/2023,97,886.39
64,24/06/2023,64,476.05
33,08/04/2023,32,956.22
65,09/09/2023,97,531.26
39,14/04/2023,135,427.81
68,18/03/2023,97,783.69
13,15/03/2023,157,42.54
105,27/12/2023,14,504.84
121,15/02/2023,32,335.16
151,24/01/2023,64,649.94
166,22/11/2023,32,310.68
75,04/02/2023,32,694.84
35,09/12/2023,66,309.11
106,06/12/2023,90,373.58
6,24/05/2023,10,282.61
52,24/12/2023,165,251.12
104,02/04/2024,32,799.62
98,29/01/2024,4,428.57
96,07/03/2024,152,757.26
67,25/08/2023,63,25.84
123,13/08/2023,65,309.8
98,03/05/2023,32,429.93
41,14/12/2023,66,689.33
64,30/03/2023,187,558.12
60,31/03/2024,87,345.63
97,07/05/2023,38,995.53
4,04/03/2024,96,744.13
46,10/03/2024,32,553.89
189,22/04/2024,97,224.0
68,19/12/2023,66,619.5
91,15/11/2023,64,198.16
51,06/10/2023,151,93.66
98,21/01/2024,87,859.71
6,16/01/2023,157,504.9
103,20/04/2024,64,125.69
191,09/07/2023,65,740.13
68,20/01/2024,191,802.93
86,16/04/2023,64,400.79
83,10/04/2024,26,462.14
31,16/11/2023,27,132.95
87,26/01/2023,87,778.02
64,18/02/2023,97,772.0
75,29/12/2023,97,809.44
34,01/02/2023,98,884.39
182,04/09/2023,65,767.16
165,01/10/2023,65,988.94
45,03/11/2023,40,911.33
78,21/08/2023,53,795.41
98,13/03/2024,97,682.72
110,12/02/2023,68,238.74
50,11/09/2023,138,969.7
100,20/01/2024,120,248.4
190,01/03/2023,66,940.29
106,19/01/2024,59,247.48
105,21/04/2024,97,803.37
98,01/06/2023,65,856.6
194,26/12/2023,65,202.59
46,16/07/2023,64,512.52
145,01/03/2024,97,313.82
174,19/03/2024,66,249.26
99,03/11/2023,92,42.76
98,06/05/2023,194,944.26
91,04/08/2023,87,454.69
108,18/01/2024,136,547.5
21,24/09/2023,32,351.93
84,06/09/2023,64,920.89
168,18/11/2023,65,576.86
200,12/05/2023,97,241.91
31,09/11/2023,93,352.41
160,27/02/2023,87,115.68
36,04/03/2024,63,730.49
78,24/04/2024,32,420.33
52,30/09/2023,125,286.44
104,25/09/2023,105,820.36
190,04/01/2024,64,802.27
15,01/05/2023,65,381.27
88,01/12/2023,47,159.51
140,02/01/2024,66,601.54
98,02/01/2023,42,796.98
21,23/11/2023,128,794.02
88,13/01/2023,160,734.4
65,05/12/2023,97,482.66
8,26/02/2023,66,269.9
90,27/01/2023,87,629.76
75,17/08/2023,19,803.69
135,02/01/2023,66,73.11
88,05/03/2023,84,433.16
179,30/03/2024,101,655.86
193,24/02/2024,32,175.3
88,11/03/2024,65,130.9
104,07/10/2023,87,153.73
165,10/09/2023,65,189.22
45,08/04/2023,23,178.21
105,03/10/2023,26,122.9
178,10/05/2023,86,880.08
45,31/03/2023,72,94.68
88,14/02/2023,66,653.73
7,03/03/2024,64,21.54
95,25/11/2023,66,743.67
98,29/01/2024,97,599.88
72,08/04/2024,90,714.26
99,19/12/2023,66,914.16
105,08/01/2024,87,60.22
65,05/02/2024,42,537.36
132,16/11/2023,66,794.52
99,16/01/2024,66,941.99
142,21/01/2023,117,798.92
78,04/12/2023,134,456.63
68,13/01/2024,190,977.64
41,10/01/2024,66,133.36
98,12/08/2023,32,137.13
99,11/01/2024,43,918.21
78,29/04/2023,65,263.03
5,11/03/2024,87,200.9
72,18/06/2023,125,944.97
64,14/06/2023,32,464.7
67,01/12/2023,32,641.31
79,20/04/2023,4,199.07
20,25/07/2023,32,661.21
34,09/01/2024,97,178.42
68,13/10/2023,14,566.61
161,26/02/2024,151,305.55
140,11/04/2023,170,732.45
155,03/04/2023,65,448.68
75,20/04/2023,66,833.62
98,27/04/2023,194,371.54
108,06/03/2023,64,783.51
88,13/01/2023,43,513.5
68,17/01/2023,60,857.57
99,06/10/2023,64,66.82
169,13/01/2023,163,295.38
30,08/08/2023,42,854.91
102,27/03/2023,32,611.11
33,27/04/2023,31,223.37
30,16/06/2023,65,998.7
64,07/12/2023,186,263.31
108,14/11/2023,107,27.73
106,16/10/2023,66,571.11
118,09/02/2024,24,21.32
114,04/07/2023,57,289.86
64,27/01/2024,87,345.78
61,14/04/2023,65,919.04
64,20/04/2024,32,212.68
68,18/12/2023,28,522.13
45,19/10/2023,104,647.23
142,08/07/2023,29,931.78
64,01/02/2023,155,769.64
45,02/08/2023,32,380.59
111,03/08/2023,65,610.78
22,23/03/2023,185,915.58
51,21/03/2024,180,900.62
99,11/12/2023,65,961.49
66,31/12/2023,32,645.98
98,24/04/2023,127,951.63
26,03/02/2023,103,550.8
45,22/01/2023,92,232.63
98,27/02/2023,80,131.72
78,18/04/2024,32,891.14
178,06/04/2024,32,819.68
104,15/03/2023,64,281.79
81,03/05/2023,97,876.65
98,29/01/2024,87,260.07
105,01/06/2023,32,721.83
106,01/06/2023,66,278.22
146,14/12/2023,54,137.99
64,29/01/2024,66,828.98
73,19/02/2024,64,918.02
68,10/04/2023,97,799.78
68,23/04/2023,183,664.54
113,26/11/2023,64,560.36
35,26/01/2023,66,176.9
35,20/02/2023,168,557.73
98,26/01/2024,97,987.7
110,17/11/2023,116,500.69
171,15/03/2023,32,741.45
7,25/05/2023,66,674.99
98,10/02/2024,64,684.2
104,31/01/2024,32,510.79
35,21/02/2023,97,358.86
65,26/11/2023,66,830.37
105,04/06/2023,65,731.39
131,14/02/2024,32,890.84
99,23/02/2023,82,723.57
35,26/02/2024,97,199.09
177,01/02/2024,164,523.25
157,22/11/2023,87,287.28
121,23/01/2023,81,15.61
153,18/10/2023,66,801.96
53,03/12/2023,87,415.24
106,04/08/2023,11,755.67
80,09/03/2024,184,443.62
13,14/07/2023,97,917.65
135,21/04/2024,102,463.07
75,15/03/2024,30,385.65
78,17/10/2023,90,540.33
168,30/09/2023,168,38.75
78,05/02/2023,99,578.17
98,19/02/2023,87,885.14
94,26/01/2023,29,256.19
15,17/07/2023,189,555.87
46,24/10/2023,5,533.09
68,14/05/2023,64,735.55
88,08/09/2023,97,980.42
98,14/01/2023,131,950.5
100,05/06/2023,93,105.46
41,31/07/2023,97,146.46
32,01/05/2023,33,412.12
34,19/04/2024,65,446.02
67,21/02/2023,62,371.9
115,26/03/2023,87,51.47
87,01/03/2023,64,314.13
104,26/05/2023,136,432.84
186,08/09/2023,87,169.91
98,29/02/2024,147,185.27
98,20/03/2024,65,452.37
99,31/10/2023,117,894.12
45,31/12/2023,97,804.35
99,27/02/2024,12,637.19
97,19/01/2024,159,421.04
89,23/03/2024,194,38.41
106,28/11/2023,42,414.89
142,10/01/2024,28,604.81
188,18/07/2023,65,500.98
98,15/04/2024,199,426.63
70,15/04/2024,64,335.76
35,15/03/2023,65,13.44
42,03/06/2023,175,299.92
107,01/09/2023,84,778.81
53,04/01/2023,64,38.28
34,23/04/2023,32,945.32
41,29/03/2024,187,714.61
196,19/11/2023,126,177.58
22,30/11/2023,25,809.65
88,08/01/2024,32,801.47
53,19/08/2023,97,902.5
88,14/07/2023,46,551.23
183,25/07/2023,173,367.18
111,06/08/2023,119,390.54
75,27/07/2023,97,595.55
35,10/07/2023,53,345.14
104,04/09/2023,66,70.69
155,10/08/2023,66,119.05
117,01/12/2023,64,304.18
67,14/03/2024,64,232.26
137,23/05/2023,32,85.25
92,20/04/2023,64,430.62
167,21/10/2023,136,529.99
26,15/02/2023,97,652.95
98,10/06/2023,32,32.55
164,17/02/2023,131,315.88
105,01/04/2024,64,81.9
88,29/03/2024,65,219.62
73,23/01/2024,66,158.62
88,28/10/2023,16,811.52
104,03/02/2024,58,587.26
186,06/10/2023,66,936.68
68,31/07/2023,66,863.58
26,07/06/2023,87,665.67
176,29/02/2024,66,268.58
23,20/04/2024,87,411.54
178,06/02/2023,64,188.2
185,05/06/2023,32,514.34
78,03/11/2023,146,807.66
164,21/09/2023,87,336.3
75,14/03/2023,66,442.82
190,26/01/2023,40,489.45
98,16/04/2024,141,946.64
38,04/01/2024,65,725.6
149,13/05/2023,97,991.08
46,16/08/2023,65,662.61
160,09/06/2023,32,936.13
139,16/11/2023,134,881.76
60,25/08/2023,66,369.68
109,16/05/2023,66,312.77
21,23/06/2023,21,160.6
78,09/12/2023,150,972.79
144,12/06/2023,55,265.78
133,24/05/2023,87,963.72
99,03/11/2023,178,787.83
55,12/06/2023,32,704.35
106,02/02/2024,39,391.31
98,28/11/2023,13,115.44
189,07/08/2023,32,346.43
102,29/05/2023,66,283.02
199,24/01/2023,87,175.29
132,27/04/2024,65,213.14
155,11/11/2023,76,911.25
98,28/11/2023,32,427.23
65,22/10/2023,32,104.68
34,20/01/2024,89,463.88
45,21/02/2024,1,105.7
88,05/03/2024,66,684.83
35,24/05/2023,87,957.12
98,10/05/2023,149,813.69
88,05/05/2023,66,641.98
141,27/04/2024,64,800.15
27,10/07/2023,32,571.44
35,24/11/2023,130,38.61
63,08/02/2023,170,52.38
40,05/09/2023,64,769.08
104,27/07/2023,66,626.01
36,06/07/2023,91,333.94
33,21/10/2023,112,855.96
171,03/03/2024,64,821.26
67,14/07/2023,66,697.57
46,27/03/2024,141,693.3
186,10/01/2024,97,509.46
105,02/03/2024,66,207.03
64,11/05/2023,32,617.83
137,15/05/2023,87,667.17
98,11/02/2023,65,308.55
62,10/02/2024,87,554.68
120,21/10/2023,64,788.17
105,17/08/2023,95,150.79
136,26/12/2023,97,640.19
74,15/12/2023,173,751.42
121,17/09/2023,47,209.91
98,06/01/2024,86,327.6
80,24/04/2024,87,238.06
78,25/05/2023,64,125.61
135,10/11/2023,65,801.18
99,23/04/2024,178,71.94
114,10/04/2023,96,497.53
18,14/04/2023,91,755.74
3,12/10/2023,97,581.12
139,16/12/2023,199,696.07
67,13/04/2023,11,364.22
96,10/02/2023,49,637.26
68,26/01/2023,42,116.24
75,28/08/2023,32,863.4
78,05/05/2023,17,439.53
65,09/07/2023,14,588.08
76,17/03/2023,134,689.69
105,13/02/2024,65,878.11
21,02/06/2023,163,879.29
161,10/04/2023,129,411.76
88,10/11/2023,97,277.6
73,24/04/2024,39,986.85
70,12/03/2023,146,466.78
53,27/04/2023,64,111.1
76,30/03/2023,15,836.59
99,06/03/2024,32,169.1
63,29/09/2023,128,924.2
1,10/11/2023,87,344.07
41,11/11/2023,36,283.3
78,10/03/2023,87,131.55
1,13/01/2024,51,826.79
65,07/01/2024,65,804.74
84,13/04/2023,65,296.13
88,11/02/2024,193,538.08
98,27/06/2023,185,339.47
140,25/02/2024,32,21.67
173,01/09/2023,87,157.46
123,05/10/2023,87,538.58
64,21/10/2023,173,862.7
166,17/03/2023,87,964.7
67,29/01/2023,97,328.94
88,27/09/2023,66,779.71
65,29/11/2023,65,738.85
21,16/02/2024,64,807.43
104,02/12/2023,197,675.93
105,02/10/2023,158,679.28
78,31/05/2023,97,837.54
68,30/11/2023,9,808.76
105,27/03/2023,131,859.96
128,16/08/2023,87,559.59
88,29/04/2024,130,828.41
135,07/01/2024,97,390.1
17,27/01/2024,64,159.02
85,25/01/2023,65,717.58
83,15/11/2023,32,324.15
106,21/12/2023,66,362.53
179,05/03/2023,165,392.02
78,05/11/2023,183,511.86
24,02/06/2023,64,264.59
76,18/10/2023,9,229.49
172,18/07/2023,133,559.3
112,18/08/2023,64,65.78
103,03/03/2024,51,497.61
185,13/12/2023,32,945.76
51,29/04/2024,165,803.7
9,17/09/2023,65,129.59
64,27/03/2024,124,682.39
99,25/06/2023,197,351.64
45,13/01/2024,105,312.67
83,25/01/2024,115,815.64
48,18/02/2024,175,226.5
105,25/07/2023,146,595.93
179,14/05/2023,97,396.18
67,20/04/2024,64,424.83
45,18/02/2023,1,623.51
19,11/02/2024,32,263.9
20,28/03/2023,141,821.57
183,17/11/2023,64,340.04
105,05/08/2023,16,599.6
88,20/02/2024,64,856.48
98,18/04/2023,32,556.9
77,02/03/2024,87,971.76
64,21/04/2024,97,379.3
191,03/09/2023,121,137.12
94,04/10/2023,77,351.48
185,21/01/2024,151,392.03
98,04/01/2024,97,667.9
135,07/08/2023,176,573.72
105,15/04/2024,66,464.2
88,16/07/2023,87,932.44
34,30/01/2024,157,388.19
158,05/03/2024,97,545.19
36,06/10/2023,32,401.58
68,24/03/2023,28,619.8
34,14/07/2023,64,761.31
137,11/04/2024,87,665.67
82,18/10/2023,93,27.04
109,11/02/2023,8,73.94
191,28/12/2023,65,90.5
177,08/04/2023,65,363.89
65,21/01/2023,97,266.48
104,16/12/2023,97,25.79
67,17/09/2023,65,378.41
56,22/09/2023,134,754.01
64,28/06/2023,87,554.86
78,14/04/2023,51,976.95
119,20/10/2023,65,654.18
191,14/02/2023,49,247.69
89,25/07/2023,97,357.13
165,07/11/2023,32,522.89
89,10/03/2023,163,57.96
34,18/01/2024,32,127.28
2,30/01/2024,32,836.93
95,05/01/2024,65,197.87
99,30/10/2023,165,673.06
79,06/03/2023,87,426.37
65,19/02/2024,97,574.96
109,01/01/2023,9,450.14
27,15/09/2023,39,376.39
143,21/06/2023,147,861.15
22,04/03/2024,66,557.31
61,02/09/2023,8,131.89
99,29/04/2024,57,656.86
71,13/01/2024,74,488.83
106,16/03/2024,43,598.67
7,04/04/2024,64,142.6
184,03/03/2023,162,416.73
113,21/09/2023,180,296.92
23,27/04/2023,185,232.65
15,27/01/2023,12,52.73
29,24/07/2023,64,744.32
137,30/06/2023,87,689.35
106,19/08/2023,87,357.64
29,16/03/2023,97,618.94
98,07/10/2023,52,636.27
57,02/10/2023,64,78.83
104,11/01/2024,66,705.39
105,09/02/2023,33,985.46
75,09/04/2023,66,950.07
68,21/03/2023,111,245.66
17,22/06/2023,7,497.81
88,03/11/2023,56,289.55
34,09/04/2023,66,323.2
34,08/09/2023,66,566.71
99,18/06/2023,65,882.68
105,06/01/2024,93,722.98
120,02/04/2024,187,555.61
98,29/08/2023,68,307.43
63,22/04/2024,32,773.17
58,19/11/2023,14,817.48
74,07/07/2023,65,666.32
78,08/04/2024,64,186.16
24,30/10/2023,158,656.63
62,26/07/2023,66,84.73
118,04/11/2023,32,244.25
30,22/02/2024,86,533.17
47,03/01/2023,32,412.49
125,26/03/2023,66,580.9
81,31/10/2023,64,611.4
143,31/10/2023,45,800.38
190,26/01/2024,16,145.75
52,14/01/2024,97,387.81
60,08/01/2024,60,318.97
180,22/08/2023,195,996.51
74,17/08/2023,66,90.45
35,21/09/2023,32,587.25
88,12/01/2023,87,315.26
196,18/11/2023,32,503.76
63,16/12/2023,141,892.02
109,17/03/2023,66,844.29
63,24/02/2023,32,472.58
136,25/10/2023,200,880.41
129,25/02/2024,32,869.73
45,26/02/2024,116,54.57
108,22/03/2024,32,353.04
99,04/07/2023,15,800.73
67,27/10/2023,87,979.04
42,13/01/2023,64,537.92
65,29/08/2023,108,816.78
45,28/03/2023,78,506.67
161,09/07/2023,130,467.21
46,24/04/2024,66,963.6
96,30/09/2023,65,900.06
101,22/02/2024,97,158.5
106,23/03/2023,29,657.72
7,25/04/2023,35,754.58
28,05/04/2024,65,402.19
45,03/06/2023,66,370.79
200,14/04/2023,121,182.76
88,05/11/2023,64,768.47
104,03/09/2023,133,93.45
185,09/02/2024,104,553.75
89,08/02/2023,64,450.09
20,02/01/2023,35,105.01
1,29/05/2023,3,989.04
125,19/03/2023,127,592.69
67,07/05/2023,32,813.09
68,21/01/2023,66,625.71
56,01/12/2023,32,246.94
30,15/07/2023,199,52.07
192,02/02/2024,71,888.86
105,14/03/2023,87,278.82
104,10/07/2023,54,859.18
132,04/02/2024,97,273.41
18,12/09/2023,9,536.32
45,15/11/2023,65,427.59
26,02/01/2024,32,935.12
99,03/01/2024,65,260.18
106,09/08/2023,181,938.23
179,21/11/2023,66,972.91
78,22/09/2023,22,438.32
45,19/06/2023,152,701.25
123,30/06/2023,64,275.51
98,13/02/2024,128,78.74
50,06/01/2024,31,732.32
117,08/10/2023,66,774.42
142,24/02/2024,66,492.41
164,29/08/2023,65,31.09
45,30/05/2023,151,959.28
170,31/07/2023,66,972.37
105,12/08/2023,17,938.5
35,03/03/2024,159,874.17
136,07/06/2023,64,207.79
145,14/03/2023,64,181.3
67,06/01/2024,3,712.98
18,16/02/2023,64,409.0
166,02/11/2023,100,220.62
200,16/11/2023,110,255.15
17,13/11/2023,97,30.35
140,30/01/2023,32,531.42
127,12/03/2023,97,850.98
104,07/12/2023,97,241.94
75,06/07/2023,196,888.46
106,01/10/2023,59,218.21
178,05/05/2023,96,983.08
178,12/01/2023,97,113.53
88,20/11/2023,76,136.66
66,30/03/2024,87,485.76
35,24/12/2023,32,744.39
171,24/02/2023,106,688.27
54,09/11/2023,105,749.27
45,09/09/2023,126,732.54
35,22/05/2023,105,103.62
56,24/04/2024,87,679.16
76,28/07/2023,32,356.05
68,19/09/2023,32,153.92
142,20/04/2024,66,200.83
82,10/04/2024,155,157.05
95,25/01/2023,87,633.55
198,20/09/2023,150,672.37
64,16/04/2023,64,421.07
111,14/01/2024,18,726.15
83,13/10/2023,32,525.31
116,18/04/2023,32,730.31
65,13/02/2024,64,647.4
68,23/09/2023,143,842.09
25,27/01/2023,35,936.07
146,08/04/2024,87,793.28
98,02/04/2023,66,668.5
173,15/03/2024,32,781.43
98,10/05/2023,97,509.22
182,24/04/2023,87,57.3
75,23/09/2023,195,267.96
46,03/05/2023,60,488.59
4,07/05/2023,97,117.38
160,16/09/2023,97,550.74
126,24/04/2024,156,744.23
75,13/01/2024,65,453.38
200,28/11/2023,65,601.01
37,07/11/2023,33,608.66
35,14/09/2023,123,908.09
181,23/11/2023,64,261.67
82,11/04/2024,65,242.67
130,22/12/2023,53,792.84
86,09/02/2024,154,670.4
67,30/08/2023,64,642.76
163,18/10/2023,66,361.68
35,12/06/2023,110,687.16
123,14/09/2023,32,843.12
122,14/01/2023,66,463.23
9,28/08/2023,66,916.72
132,19/08/2023,116,839.27
105,22/03/2023,103,173.58
110,18/01/2024,8,891.54
105,10/02/2023,66,760.15
80,15/11/2023,44,606.22
106,21/02/2023,32,688.17
35,31/07/2023,65,162.81
140,09/02/2023,36,181.2
37,09/05/2023,92,79.03
171,24/07/2023,166,401.39
88,27/12/2023,97,886.58
167,08/07/2023,65,843.31
45,08/03/2023,139,410.63
198,04/03/2023,32,169.63
75,19/09/2023,141,753.14
14,06/03/2024,158,558.26
98,24/01/2024,87,834.05
197,09/12/2023,65,762.35
131,16/06/2023,64,717.67
6,25/05/2023,116,322.94
98,10/11/2023,47,507.69
80,31/12/2023,173,165.07
74,20/01/2023,159,125.01
105,28/03/2023,71,660.84
98,16/06/2023,66,311.1
104,11/11/2023,32,79.85
98,16/09/2023,32,362.19
68,23/03/2024,32,716.47
34,21/08/2023,64,138.81
133,16/06/2023,65,435.78
88,04/02/2023,48,13.83
155,29/04/2024,97,33.91
92,15/10/2023,97,924.85
167,20/01/2023,87,739.62
35,17/07/2023,32,855.0
68,29/07/2023,97,366.32
61,29/01/2024,104,963.22
99,26/08/2023,97,139.97
106,08/11/2023,20,554.01
106,28/09/2023,60,85.94
25,10/10/2023,64,574.64
104,18/01/2024,64,170.35
29,16/11/2023,69,168.6
74,08/03/2023,65,517.72
127,16/05/2023,29,581.15
65,20/05/2023,157,376.31
139,24/01/2024,65,991.77
139,10/12/2023,11,535.37
99,04/07/2023,27,307.09
104,14/02/2024,138,32.48
35,10/01/2023,103,827.16
4,28/03/2024,97,198.16
40,01/08/2023,87,835.04
104,15/04/2024,153,248.38
45,17/01/2023,84,441.19
168,05/09/2023,148,771.48
67,02/02/2024,97,610.87
105,09/11/2023,133,376.04
103,23/02/2024,97,66.55
91,29/01/2024,66,854.16
99,20/05/2023,32,500.4
123,12/05/2023,152,994.42
111,20/02/2023,139,665.47
89,10/05/2023,48,370.16
104,30/05/2023,65,907.88
74,15/07/2023,41,112.04
193,14/02/2024,87,102.43
35,17/09/2023,78,187.72
104,14/02/2024,32,471.62
148,30/03/2024,158,667.2
176,31/03/2023,32,531.49
68,15/03/2023,32,961.24
64,19/01/2023,32,652.22
68,09/10/2023,169,892.73
121,17/07/2023,65,805.19
104,30/04/2023,130,605.71
97,23/01/2024,142,727.6
123,20/06/2023,66,110.38
98,04/06/2023,87,30.22
103,14/03/2024,97,949.68
17,14/08/2023,87,878.25
173,12/02/2024,82,78.78
77,13/02/2024,32,200.09
114,07/05/2023,97,605.09
98,18/07/2023,66,693.68
96,26/12/2023,64,538.17
74,11/06/2023,64,994.34
13,11/12/2023,32,734.56
184,30/09/2023,66,358.09
128,03/07/2023,66,477.48
189,30/08/2023,87,814.28
149,27/03/2023,151,769.7
104,27/04/2023,66,190.57
40,19/08/2023,87,149.58
104,02/01/2023,66,968.7
105,21/08/2023,66,409.27
72,04/12/2023,155,476.77
73,31/01/2023,65,229.03
98,28/08/2023,146,202.11
120,01/06/2023,66,621.12
65,27/03/2024,97,192.44
73,09/05/2023,54,912.78
67,02/05/2023,64,538.86
64,15/04/2023,32,131.96
78,16/06/2023,50,158.99
77,11/02/2023,110,398.82
104,02/12/2023,36,554.9
110,15/03/2024,87,590.78
36,01/10/2023,65,763.95
140,06/06/2023,64,289.51
35,24/04/2024,81,327.61
105,22/07/2023,83,176.4
103,09/03/2024,87,914.05
182,22/03/2023,65,266.29
90,28/01/2024,65,692.88
152,07/11/2023,65,209.09
77,26/07/2023,66,763.22
68,05/04/2023,111,136.15
65,09/12/2023,192,86.01
151,07/03/2024,65,551.06
92,12/03/2023,65,257.59
35,19/06/2023,87,757.1
109,15/05/2023,64,623.6
67,19/08/2023,66,365.25
105,23/09/2023,115,155.11
68,10/01/2023,7,337.0
20,08/09/2023,32,964.17
175,12/02/2024,99,596.64
64,10/04/2023,175,281.06
103,12/06/2023,97,547.07
67,21/02/2024,64,834.24
65,31/07/2023,98,773.61
78,04/01/2023,32,541.71
161,05/06/2023,34,110.02
65,07/03/2024,65,771.01
98,08/12/2023,64,636.56
152,02/01/2023,3,896.44
105,28/08/2023,123,257.92
92,20/04/2023,170,281.11
106,15/09/2023,18,847.06
64,27/05/2023,3,696.94
35,11/01/2023,144,942.15
23,14/12/2023,87,860.05
88,10/03/2023,66,898.87
89,04/02/2023,64,724.19
45,03/07/2023,4,525.39
105,11/09/2023,97,691.43
87,03/04/2023,64,959.37
144,15/02/2024,65,698.44
130,16/03/2023,136,307.83
189,21/09/2023,66,518.22
98,10/02/2024,97,340.72
34,04/03/2024,87,723.47
185,10/07/2023,66,706.99
159,29/10/2023,146,520.78
98,16/09/2023,65,641.44
34,30/12/2023,90,723.53
160,02/11/2023,116,399.53
117,01/03/2023,67,853.31
139,15/08/2023,97,321.52
78,30/03/2024,144,970.33
6,10/05/2023,163,378.8
78,24/11/2023,97,375.2
200,09/03/2024,97,713.05
141,20/01/2023,65,563.15
163,21/02/2023,97,823.61
159,06/03/2023,97,855.74
107,16/10/2023,87,709.25
158,08/02/2023,78,884.09
29,29/01/2023,182,593.2
88,02/03/2023,169,959.27
75,08/05/2023,32,340.31
50,21/06/2023,32,343.62
46,29/03/2023,79,586.92
71,15/05/2023,32,236.36
28,05/04/2024,17,149.86
64,17/02/2024,100,105.7
68,21/06/2023,53,269.98
147,21/05/2023,87,62.94
65,10/03/2024,61,362.76
73,17/10/2023,194,87.89
99,12/11/2023,64,933.67
158,02/04/2023,97,950.46
131,18/04/2023,135,839.57
67,14/08/2023,12,873.43
98,04/04/2024,153,614.85
75,19/02/2024,165,116.83
98,19/03/2024,66,376.72
65,07/01/2023,52,460.31
104,18/08/2023,144,916.32
39,15/08/2023,65,268.88
65,18/05/2023,66,836.91
176,04/01/2024,167,210.57
41,19/02/2023,87,166.16
47,24/06/2023,87,293.36
64,26/04/2023,65,655.9
182,10/06/2023,87,105.84
86,04/08/2023,27,699.24
104,01/09/2023,163,50.01
99,18/08/2023,65,480.07
83,05/09/2023,97,601.53
196,21/01/2024,87,916.68
78,06/05/2023,32,903.04
68,10/03/2024,21,471.46
85,15/04/2023,32,415.27
83,14/08/2023,50,934.21
134,17/07/2023,123,963.12
98,26/03/2024,71,30.74
35,29/03/2023,183,648.06
197,03/04/2024,32,826.28
75,01/09/2023,87,408.33
88,16/05/2023,32,557.16
98,22/10/2023,29,394.26
104,27/08/2023,36,156.0
65,20/06/2023,140,941.12
13,04/12/2023,181,908.01
67,20/02/2024,97,455.53
99,18/01/2023,65,74.81
185,07/12/2023,177,606.05
129,24/02/2023,21,673.52
78,03/04/2024,127,634.95
98,05/03/2023,97,990.52
34,24/03/2023,197,464.94
37,09/04/2024,87,519.01
67,14/05/2023,124,639.37
65,29/03/2023,164,362.66
78,26/02/2023,91,909.31
79,02/09/2023,87,28.97
61,15/10/2023,87,514.09
58,06/06/2023,82,40.36
200,02/01/2023,65,42.96
198,18/01/2023,32,541.15
177,27/03/2024,87,665.44
53,03/04/2023,80,971.63
67,07/02/2023,66,218.39
48,28/03/2024,142,659.86
181,04/02/2024,97,443.21
105,16/01/2023,65,202.66
193,04/05/2023,65,773.32
45,12/01/2023,106,536.22
149,24/03/2024,64,283.78
18,22/11/2023,32,382.61
121,31/03/2023,91,182.02
78,09/07/2023,185,312.13
137,18/10/2023,64,144.08
45,12/03/2024,64,854.13
68,29/01/2023,70,682.83
64,23/04/2023,65,941.25
87,22/02/2023,64,188.3
45,02/03/2024,14,562.27
193,20/05/2023,111,986.28
104,23/03/2024,116,185.71
151,16/02/2023,144,850.15
76,07/10/2023,176,572.59
88,10/06/2023,50,416.71
178,26/05/2023,65,372.13
67,06/11/2023,29,129.51
117,22/07/2023,85,456.34
98,15/03/2024,49,368.03
100,28/07/2023,149,193.78
65,16/03/2023,32,873.25
95,22/10/2023,87,92.82
158,11/02/2023,122,683.3
61,14/11/2023,97,115.79
170,21/02/2023,92,590.87
34,31/08/2023,105,217.13
28,05/10/2023,97,866.45
67,06/04/2023,66,908.16
10,01/05/2023,32,514.97
171,16/10/2023,37,629.82
45,03/03/2023,97,277.51
112,13/03/2024,97,703.48
160,07/11/2023,20,119.49
45,16/08/2023,193,703.88
92,02/04/2023,87,760.39
105,20/02/2024,67,547.2
68,06/12/2023,42,310.1
87,27/03/2023,110,133.87
86,14/01/2024,64,514.8
67,15/02/2023,147,327.04
34,03/05/2023,65,403.88
67,20/03/2024,26,577.31
68,12/02/2024,157,462.62
104,27/03/2023,16,879.79
145,18/01/2023,91,366.24
58,11/07/2023,133,882.32
157,22/01/2024,87,187.14
193,14/11/2023,65,85.97
67,02/04/2024,32,632.8
82,05/04/2024,65,957.55
96,26/11/2023,159,317.44
64,25/01/2023,12,348.59
125,20/06/2023,32,33.67
131,28/11/2023,87,388.35
111,31/05/2023,81,238.15
75,11/06/2023,87,741.58
32,10/04/2024,59,867.96
12,31/12/2023,97,255.39
5,27/09/2023,66,904.96
153,20/03/2023,87,994.56
134,19/02/2024,87,814.38
106,06/10/2023,170,196.9
98,02/02/2024,64,579.33
99,25/02/2023,66,396.99
52,19/04/2023,32,29.5
45,21/06/2023,87,837.2
85,18/04/2024,66,119.13
75,19/10/2023,97,335.73
99,24/04/2024,165,89.54
98,13/03/2024,169,295.78
164,22/02/2024,87,507.07
30,20/10/2023,65,502.41
171,12/04/2023,125,883.47
133,02/01/2023,66,64.66
78,24/10/2023,65,975.92
88,05/09/2023,94,336.09
171,07/12/2023,32,893.92
35,01/11/2023,64,121.56
35,16/06/2023,56,285.4
6,11/05/2023,32,776.77
92,27/03/2023,97,547.95
68,03/04/2023,193,760.72
68,10/02/2023,185,289.87
114,28/05/2023,66,647.53
5,04/03/2024,159,881.68
28,06/11/2023,190,262.41
16,28/11/2023,99,175.7
46,11/02/2024,147,54.73
79,12/10/2023,75,140.68
47,30/03/2024,65,495.22
77,19/05/2023,4,51.43
75,18/01/2023,64,287.8
147,12/02/2024,30,297.64
60,17/11/2023,105,98.67
120,26/12/2023,48,820.07
75,30/10/2023,32,510.78
66,12/03/2024,87,172.98
200,26/02/2024,66,540.31
138,05/01/2024,85,31.47
34,20/04/2024,45,207.95
157,19/02/2024,24,531.22
156,27/04/2024,99,741.42
35,10/06/2023,65,305.24
101,14/10/2023,32,896.17
88,20/03/2023,64,374.49
65,22/10/2023,90,472.11
133,03/04/2023,34,213.95
34,19/01/2024,197,511.39
98,11/02/2023,70,224.09
24,09/07/2023,37,585.86
105,31/03/2023,64,188.25
146,17/02/2024,97,106.34
61,20/03/2024,114,369.8
48,04/02/2024,93,298.77
43,23/06/2023,10,986.44
118,22/08/2023,36,656.01
37,08/03/2023,10,20.62
98,02/04/2024,64,470.94
10,13/05/2023,25,468.29
99,13/06/2023,116,569.5
190,24/11/2023,35,251.57
173,14/07/2023,32,194.03
200,27/09/2023,97,709.41
52,07/06/2023,32,356.91
196,27/02/2024,65,524.7
101,19/03/2023,67,889.01
146,06/07/2023,97,159.23
65,06/08/2023,124,775.85
143,22/08/2023,141,528.72
34,25/10/2023,33,525.92
157,03/07/2023,97,97.59
98,23/01/2023,65,439.76
83,11/05/2023,64,331.02
15,20/12/2023,27,169.98
170,04/08/2023,159,285.06
34,28/08/2023,90,852.17
41,27/03/2023,65,273.98
98,03/11/2023,32,14.27
98,11/04/2023,85,406.33
99,25/01/2024,32,584.22
68,19/04/2023,32,376.6
45,09/04/2023,66,24.23
64,30/11/2023,78,512.28
74,15/08/2023,72,690.04
156,16/01/2024,32,831.52
112,08/07/2023,10,662.88
144,18/12/2023,64,545.13
18,10/04/2024,37,456.59
45,18/11/2023,54,583.24
180,07/02/2023,166,656.17
92,12/06/2023,32,752.66
182,28/02/2024,32,221.07
68,27/07/2023,146,34.59
84,09/04/2024,175,786.03
72,29/01/2023,66,138.08
175,26/05/2023,65,841.39
117,12/08/2023,181,703.39
45,08/02/2023,26,118.16
87,15/01/2024,87,547.77
57,08/06/2023,83,421.01
56,30/09/2023,64,957.86
85,28/04/2024,66,857.14
63,10/04/2023,87,865.7
82,13/07/2023,97,281.43
68,30/11/2023,101,507.54
59,12/08/2023,110,816.2
2,12/10/2023,98,955.31
35,11/03/2023,57,612.18
98,15/03/2024,9,439.57
140,20/03/2024,65,284.77
91,14/01/2023,32,383.52
138,31/03/2023,199,276.67
122,27/04/2024,66,643.58
105,29/01/2024,62,458.57
165,20/10/2023,66,404.41
3,19/08/2023,152,441.53
86,17/01/2023,66,466.51
34,12/10/2023,189,221.35
129,30/06/2023,66,561.06
2,03/06/2023,32,720.47
53,26/07/2023,97,352.43
24,12/09/2023,116,578.34
72,14/11/2023,36,513.04
195,04/01/2023,110,929.9
115,24/10/2023,62,915.28
34,30/09/2023,129,981.57
1,05/02/2023,66,543.44
200,11/05/2023,81,669.05
113,06/03/2024,32,150.68
124,05/02/2024,169,626.92
45,09/06/2023,64,982.66
181,04/08/2023,161,494.34
194,21/02/2023,188,832.71
94,04/09/2023,65,330.2
68,11/04/2024,64,719.09
44,26/10/2023,120,356.12
59,09/02/2024,66,203.09
102,28/04/2024,139,668.25
78,24/07/2023,64,720.9
54,14/12/2023,102,96.24
30,16/11/2023,66,973.07
187,05/03/2024,41,235.27
106,08/01/2023,87,643.42
155,07/06/2023,64,514.84
10,11/04/2023,44,107.41
104,18/03/2023,43,369.47
56,21/10/2023,32,172.32
3,25/11/2023,108,413.48
26,08/03/2023,64,908.71
80,01/01/2024,83,291.4
88,03/03/2023,32,628.6
81,13/11/2023,32,846.37
150,12/08/2023,97,882.4
78,27/03/2023,62,616.67
64,04/08/2023,66,113.39
65,22/09/2023,119,828.18
120,15/01/2023,154,831.8
78,28/06/2023,87,106.91
125,03/07/2023,109,876.5
67,30/01/2023,65,298.87
12,05/03/2024,155,821.86
106,21/05/2023,22,237.26
173,13/04/2024,32,230.62
98,21/04/2023,76,925.75
45,02/02/2023,131,709.06
130,06/07/2023,113,851.08
105,01/11/2023,66,212.57
126,21/08/2023,64,972.07
104,21/04/2023,32,347.14
13,27/04/2024,65,552.1
34,20/04/2023,87,346.75
99,27/04/2024,97,305.54
60,08/06/2023,79,51.4
105,31/01/2024,66,716.02
5,20/10/2023,65,364.68
79,09/09/2023,142,35.44
78,14/09/2023,52,543.29
35,17/09/2023,97,19.51
75,12/01/2023,117,597.68
56,07/03/2023,106,155.58
45,13/06/2023,196,517.21
99,29/01/2023,72,174.58
105,31/12/2023,87,83.19
98,04/07/2023,149,680.94
46,11/07/2023,9,209.34
172,01/10/2023,124,914.85
4,10/10/2023,32,620.29
34,02/06/2023,150,782.44
45,29/04/2024,32,811.83
117,11/11/2023,65,445.13
87,11/01/2024,87,848.29
81,13/12/2023,117,719.29
65,06/04/2024,108,89.64
131,03/04/2023,9,494.5
159,18/04/2024,151,735.76
83,10/02/2024,41,103.18
106,19/06/2023,21,135.55
35,31/10/2023,57,848.99
65,01/11/2023,161,545.64
109,18/06/2023,36,983.84
104,28/06/2023,127,887.21
3,27/12/2023,194,435.53
146,01/03/2023,12,179.56
64,19/04/2023,32,952.56
91,04/09/2023,152,79.78
104,14/03/2023,94,876.9
64,03/01/2023,87,874.0
126,22/04/2023,180,502.94
64,08/04/2024,32,907.53
142,24/04/2024,66,91.21
88,07/06/2023,16,167.32
26,05/01/2023,8,413.59
158,27/03/2024,178,235.31
81,07/06/2023,31,561.15
133,09/02/2024,87,526.84
81,30/12/2023,65,60.23
98,23/07/2023,42,400.65
125,30/10/2023,103,713.47
98,11/02/2024,65,625.04
78,29/07/2023,30,279.38
3,15/10/2023,66,144.29
182,28/12/2023,199,429.66
77,09/01/2023,97,510.74
8,25/01/2024,97,151.42
70,26/04/2024,64,32.25
78,12/01/2023,25,516.41
147,27/10/2023,152,697.47
106,21/10/2023,66,540.34
78,23/05/2023,97,791.39
104,11/04/2024,65,211.7
